,,Task1,Task2,,,,,Task3,,,,,,
Text,Lang,Polarization,"Gender/
Sexual",Political,Religious,"Racial/
Ethnic",Other,Vilification,"Extreme
Language",Stereotype,Invalidation,"Lack of 
Emathy",Dehumanization,ID
@USER á‹˜áˆ¨ áˆ˜áŒáˆ‹áˆ áŠ áˆ›áˆ« áŠ¥áˆ˜áŠáŠ áŠ¨áˆ³áˆáŠ•á‰µ á‰ áˆƒáˆ‹ á‰ áŒ£áˆ áŠ¥áˆ­áŒáŒ áŠ› áŠáŠ á‰¥á‹™ á‹˜áˆ®á‰½áˆ… á‹­áŒ á‹áˆ‰,amh,TRUE,0,0,0,1,0,1,1,1,0,0,0,amharic_1326266544373043200
@USER á‰ áŠ á‰¥á‹­ á‰°áˆáŠ® áŒáŠ•á‹°áˆ­ áˆ‹á‹­ á‹ˆáŒ£á‰¶á‰½áŠ• áˆµá‰³á‹°áˆ«áŒ… áŠá‰ áˆ¨ áŠ á‹­á‹°áˆ á‹¨áŠ¦áˆ®áˆšá‹« áˆá‹© áˆ€á‹­áˆ áˆ‚á‹¶ á‹­á‹‹áŒ‹ á‹¨áŠ áˆ›áˆ«áŠ• áˆ•á‹á‰¥ á‰°á‹ˆá‰µ áŠ á‹°áˆ¨áŒ‰á‰µ áŠ¥áŠ“ áŠ¥áˆ«áˆ³á‰¹ á‰°á‹áˆˆáˆ™ áŠ¥áˆµáŠª,amh,TRUE,0,1,0,1,0,1,0,1,0,0,0,amharic_1323837521009217536
áŒáŒƒáˆ áˆ‹á‹­ á‰°á‰€áˆáŒ¦ áˆ˜á‰°áŠ¨áˆ á‹«áˆˆá‹áŠ• áŠ£áˆ›áˆ« á‰€áˆµá‰µ áŠ¨á‰³áŒ á‰€ á‹¨áŒ«áŠ« áˆ½áá‰³ áˆ›áˆµáŒ£áˆ á‹«áˆá‰»áˆˆ á‹¨áŠ£áˆ›áˆ« á‹ˆá‰³á‹°áˆ­ áŠ¥áŠ® áŠá‹ áŠ£áˆáŠ• á‹¨á‰µáŒáˆ«á‹­ áˆ°áˆ«á‹Šá‰µ áŠ£áˆ¸áŠ•á‹áˆˆáˆ á‰¥áˆ á‹¨áˆšáˆ¸áˆáˆˆá‹á¢ áŠ£áˆ›áˆ« áˆáŠ“á‹µáŠ• áŠá‹ á‹­á‰£áˆáˆáŠ›áˆá¢ #Ethiopia,amh,TRUE,0,1,0,1,0,1,1,1,0,1,1,amharic_1324602001070661633
"áŠ áˆ¸á‰£áˆªá‹áŠ• á‹¨á‰µáˆ…áŠáŒ á‰¡á‹µáŠ• áŠ¨áˆá‹µáˆ¨ áŒˆá… áˆ›áŒ¥á‹á‰µ áŠ áˆˆá‰¥áŠ•"" á‰¥áˆ­áŒ‹á‹´áˆ­ áŒ„áŠ”áˆ«áˆ á‰°áˆáˆ« áˆ›áˆ",amh,TRUE,0,1,0,0,0,1,1,0,1,0,0,amharic_1147
@USER #áˆ°á‹­áŒ£áŠ•áˆ_áŠ¥áŠ®_áŒ®áŠ¾ áŠá‹ á‹¨áˆšá‹ˆáŒ£á‹ áŠ¤áˆ‹ áŠ¥áŠáˆ±áŠ• á‰°á‹‹á‰¸á‹,amh,TRUE,0,1,0,0,0,0,0,0,0,0,1,amharic_1324778533705625601
@USER á‰µáˆ…áŠáŒáŠ• áˆ›áŒ¥á‹á‰µ áŠ¨áˆ˜á‰€á‹°áˆµ á‰ áˆ‹á‹­ áˆ˜á‰£áˆ¨áŠ­ áŠá‹,amh,TRUE,0,1,0,1,0,1,1,1,0,0,0,amharic_1323937430567854081
á‹¨á‹ˆá‹«áŠ” áŠ¥á‰¥áˆªá‰µ áŠ¥áŠ•á‹° áŠáŠ› áˆ³á‹­á‰°áŠááˆµ áŠ¥áˆ³á‰µ á‹áˆµáŒ¥ áŠ¥áŠ•á‹°áŒˆá‰£ á‰…á‰¤ áˆ³á‹­á‰€áˆáŒ¥ á‹°á‰¥áˆ¨á‚á‹®áŠ•áŠ“ áŒá‰¥áˆ¨áŠ á‰ áˆ®á‰¹ áŠ¨áŠ á áˆ˜áˆ¸áˆáŠ› áˆ›áˆµáŠ«á‰¸á‹ áŒ‹áˆ­ áŠ¥áŠ•á‹° áŠ á‹áˆ­ áŒáˆ˜áˆ á‰ áˆ°áˆá á‰ áŒˆáˆ˜á‹µ á‰³áˆµáˆ¨á‹ áˆˆááˆ­á‹µ áˆ³á‹­á‰€áˆ­á‰¡ áˆ˜áˆ‹á‰€á‰… á‹¨áˆˆáˆá¢ ??,amh,TRUE,0,1,0,0,0,1,1,0,0,0,1,amharic_1323932366184828929
á‹¨áˆ˜áŠ¨áˆ‹áŠ¨á‹« áŠ¥áŠ“ á‹¨áŠ áˆ›áˆ« áˆá‹©áˆƒá‹­áˆ á‰µá‰¥á‰¥áˆ­ á‹¨áŠ áˆ›áˆ« áˆ…á‹á‰¥ áŠ¢á‰µá‹®áŒµá‹«á‹Š áŒá‹´á‰³ áŠ¥áŠ•áŒ… á‹¨áŠ áˆ›áˆ« áŠ¥áŠ“ á‹¨á‰µáŒáˆ«á‹­ áˆ…á‹á‰¥ áŒ¦áˆ­áŠá‰µ áŠ á‹°áˆˆáˆ -,amh,TRUE,0,1,0,1,0,0,0,1,1,0,0,amharic_1836
@USER áŠ áˆ›áˆ« á‹°áŒ‰ á‹ˆáŒˆáŠ”á¢ áŠ¢á‰µá‹¬áŒµá‹« áˆ²á‰£áˆ áŠ¥áŠ® áˆáŠ•áˆ á‰€áˆá‰¥ á‹¨áˆˆá‹áˆá¢ áˆ˜áˆµáˆšá‹« áˆ›á‹³áˆ˜áŒ« á‹¨áˆˆá‹áˆá¢ á‹¨áŠááˆ± á‰µáˆ­á‰³ áŠ¢á‰µá‹¬áŒµá‹« áŠ“á‰µáŠ“!!! áˆˆáŠ¢á‰µá‹¬áŒµá‹« áˆ˜á‰¼ á‹ˆá‹°áŠ‹áˆ‹ á‰¥áˆ á‹«á‰ƒáˆá¢,amh,TRUE,0,1,0,1,0,0,1,1,0,0,0,amharic_1326141892946485248
áŠ¥áŠ•á‹°áˆáŠ• áŠ á‹°áˆ«á‰½áˆ á‰¤á‹›! á‹¨ áŠ¥áˆˆá‰±áŠ• á‰ƒáˆ á‰  á“áˆµá‰°áˆ­ áá‰…áˆ¬ á‰ áˆ‹á‹­ áŠ¥áŠáˆ†! á‰ áŠá‰³á‰¸á‹ á‹«áˆˆá‹ á‰°áŒá‹³áˆ®á‰µ áˆáŠ•áˆ á‹«áˆ…áˆ áŠ¨á‰£á‹µ á‰¢áˆ†áŠ•áˆ á‹ˆá‹° áŠ‹áˆ‹ áˆ˜áˆ˜áˆˆáˆµáŠ• áŒáŠ• áŠ¥áŠ•á‹° áŠ áˆ›áˆ«áŒ­ áŠ áˆá‹ˆáˆ°á‹±á‰µáˆ!,amh,FALSE,0,0,0,0,0,0,0,0,0,0,0,amharic_1324928256676687872
@USER á‰°áˆŒáŒáˆ«áˆáŠ• áŠ¥áŠ•á‹° áŠ áˆ›áˆ«áŒ­ áˆ˜áŒ á‰€áˆ áˆ˜áˆáŠ«áˆ á‹­áˆ˜áˆµáˆˆáŠ›áˆ::,amh,FALSE,0,0,0,0,0,0,0,0,0,0,0,amharic_1326343162588139523
áŠ áŠ•á‹°áŠ›á‹ áŠ áˆ˜á‰µ á‹¨á•áˆªá‰¶áˆ­á‹«á‹ áˆµáˆáˆáŠá‰µ áˆáŠ­áŠ•á‹«á‰µ á‰ áˆ›á‹µáˆ¨áŒ áŠ¨áˆ…á‹á‰£á‹Š á‹ˆá‹«áŠ áˆ“áˆ­áŠá‰µ á‰µáŒáˆ«á‹­ (áˆ…á‹ˆáˆ“á‰µ) á‹¨á‰°áˆ°áŒ  á‹¨áŠ á‰‹áˆ áˆ˜áŒáˆˆáŒ«,amh,FALSE,0,0,0,0,0,0,0,0,0,0,0,amharic_1711
áŒá‹°áˆ áŠ¥áŠ•á‹³áˆáˆáˆ….áˆƒáŒ¢á‹«á‰µ áŠá‹ áŠ á‹á‰ƒáˆˆáˆ áŠ á‰µáŒá‹°áˆ áŠ áˆáˆáˆ….áŒ¨áŠ«áŠ ááŒ¡áˆ­ áŠ“á‰¸á‹ á€áˆá‰´ áŒ áá‰¶á‰¥áŠ.á‰€áŠ“ á‰¥á‹¬ áŠ¥á‹«á‹¨áˆ á‹¨ááˆ­á‹µáˆ…áŠ• á‰ á‰µáˆ­ . áŠ¥áŒ á‰£á‰ á‰ƒáˆˆáˆ!,amh,FALSE,0,0,0,0,0,0,0,0,0,0,0,amharic_1326235496842981377
áŠ áˆˆ áŠáŒˆáˆ­ áŠ áˆˆ áŠáŒˆáˆ­ áŠ¥áŠ•á‹°á‹ áŠ áˆˆá‹ áŠáŒˆáˆ­ áŠ¥áŠ•á‹²áˆ… á‰³áˆ˜áŠ• á‰³áˆ˜áŠ• áŠ áŠ•áŒˆá‰µ á‹°áá‰°áŠ• áŠ áŠ•á‰€áˆ­ áŠ á‹­á‹áˆ… #áŠ áˆ›áˆ«á‹¬ #á‹¨áŠ”á‹¨á‹‹áˆáŒˆá‰ áˆ¬ #áŠ áˆ›áˆ«,amh,FALSE,0,0,0,0,0,0,0,0,0,0,0,amharic_1325624579730108416
#á‹ˆá‹«áŠ” á‹‹áŒƒ áˆ‹á‹­ á‹¨á‰°áŠ¨áˆˆá‰½á‹ áŠ á‹¨áˆ­ áˆ˜á‰ƒá‹ˆáˆšá‹« áˆáŠ•áˆ áˆ˜áˆ¥áˆ«á‰µ áŠ áˆá‰»áˆˆáˆ á¢ á‹¨á‹ˆá‹«áŠ” áŒ¦áˆ­ á‰°áˆµá‹ áŠ¥á‹¨á‰†áˆ¨áŒ  áŒáˆ›áˆ¹ áˆ²á‹«áˆáŒˆááŒ áŒáˆ›áˆ¹ á‰ áˆ‹áˆµá‰³ á‹™áˆ® áŠ áˆ›áˆ«áŠ• áˆŠá‹ˆáˆ­ á‹µáˆá‰¡áˆ á‹µáˆá‰¡áˆ áŠ¥á‹«áˆˆ áŠá‹ á¢ áˆ˜áˆ¨áŒƒá‹ á‹ˆáŠ•á‹µá‹ˆáˆ°áŠ• á‰ á‹¨áŠ,amh,FALSE,0,0,0,0,0,0,0,0,0,0,0,amharic_1325665339888242688
áŠ áˆ˜áˆ‹á‰¸á‹‰ áˆ¸áŒ‹ áˆá‰£á‰¸á‹‰ á‰°áˆ«áˆ« áŠ¥áŠ áˆáˆ¬ áˆ˜áŒ¡ áˆŠáŒ¨áˆµ áŠá‹‰ áŠ á‰§áˆ« #á‹áŠ•á‰µáŠ áˆˆáˆ_áŠ áˆ›áˆ« #á‹áŠ–,amh,FALSE,0,0,0,0,0,0,0,0,0,0,0,amharic_1114
áŠ¦áŠáŒ áˆ¸áŠ” áŒáŠ• 27 áŠ áˆ˜á‰µ á‹¨á‰µ áŠá‰ áˆ­? á‹µáŠ•áŒˆá‰µ áŠ áˆáŠ• áˆ¸áŠ” á‰¥áˆ á‹¨áˆ˜áŒ£á‹? áŠ¥á‹áŠá‰³á‹ á‹­áˆ…á‹,amh,FALSE,0,0,0,0,0,0,0,0,0,0,0,amharic_1217
áŠ¦áˆ®áˆáŠ“ áŠ áˆ›áˆ« á‰ áˆ˜áˆ†áŠ“á‰½áŠ• áá‰…áˆ«á‰½áŠ• á‹¨áˆšá‹˜áˆá‰… áŠ á‹­áˆ˜áˆµáˆ‹á‰¸á‹áˆ áŠá‰ áˆ­ áˆ™áˆ‰á‹áŠ• á‰°áˆáˆ³áˆŒá‰µ á‹©á‰±á‰¥ á‰»áŠ“áˆ áˆ‹á‹­ á‰°áˆ˜áˆáŠ¨á‰± (á‰ á‰µá‰¥á‰¥áˆ­ á‹¨á‰€áˆ¨á‰ ),amh,FALSE,0,0,0,0,0,0,0,0,0,0,0,amharic_1992
"á‹áŠ– áŠ¨áŒáŒ¥ á‹«áˆˆáˆá£ áŠ¨áŠ­áˆáˆ á‹¨áŒˆá‹˜áˆá£ áˆˆáˆ€áŒˆáˆ­ á‹¨á‰°áˆ¨áˆá£ á‹¨áá‰µáˆ… áŠ áˆá‹µá£ á‹¨áŠáŒ»áŠá‰µ áŠ­áŠ•á‹µ áŠá‹!"" - áŠ˜/áˆ­ áˆáŠ•á‹³áˆ­áŠ áˆˆá‹ á‹˜á‹á‹´",amh,FALSE,0,0,0,0,0,0,0,0,0,0,0,amharic_1669
@USER á‰ áˆ›áŠ•áŠ›á‹áˆ áŠáŒˆáˆ­ áŠ¨áŒáŠ•áˆ… áŠáŠ• á‰¥áˆ­á‰³ áŠ á‰¥á‹­ áŠ«áˆá‹°áˆáˆ¨áˆ° áŠ á‹­áŒ áˆ«áˆ,amh,FALSE,0,0,0,0,0,0,0,0,0,0,0,amharic_1325949603938672640
Ø§ÙŠÙ‡ Ø§Ù„Ø§Ø¬Ø§Ù„Ùƒ Ù…Ù† ÙƒÙˆÙ„ ÙˆØ§Ø­Ø¯ ÙŠÙ‡Ø²Ù‚Ùƒ ÙŠØ§Ø¨Ù†Øª Ø³ØªÙŠÙ† ÙƒÙ„Ø¨ Ù…Ù„Ù‚ØªÙŠØ´ Ø±Ø§Ø¬Ù„ ÙŠÙ„Ù…Ùƒ,ara,TRUE,1,0,0,0,1,1,1,1,1,0,1,arabic_2022
Ù„ÙŠØ³ Ù‡Ù†Ø§Ùƒ Ø­Ø´Ø¯ Ø´Ø¹Ø¨ÙŠ ÙˆØ¥Ù†Ù…Ø§ Ù‡Ùˆ Ø­Ù‚Ø¯ Ø´ÙŠØ¹ÙŠ Ø¹Ù„Ù‰ Ø§Ù„Ø³Ù†Ø© .,ara,TRUE,0,0,1,0,0,0,1,1,1,0,0,arabic_92
Ø¥Ø³Ù…Ø¹ÙˆØ§ ÙŠØ¨ØªÙˆØ¹ Ø§Ù„ØªØ¬Ù…Ø¹ Ø§Ù„Ø«Ø§Ù„Ø« Ù„Ø§Ø²Ù… ØªÙÙ‡Ù…ÙˆØ§ Ø¥Ù† Ø¯Ù‰ Ù…Ø´ Ø£Ø®Ù„Ø§Ù‚ Ø¹ÙŠÙ† Ø´Ù…Ø³ Ø¥Ø­Ù†Ø§ Ø¨Ù„Ø·Ø¬ÙŠØ© Ø¨Ø³ Ù…Ø´ Ù„Ø¯Ø±Ø¬Ø©Ø§Ù„Ø¹Ø§Ù„Ù… Ø£ÙƒÙ„Ø© Ù„Ø­ÙˆÙ… Ø§Ù„Ø¨Ø´Ø± Ø¯ÙˆÙ„,ara,TRUE,0,0,0,1,1,1,1,1,0,0,1,arabic_747
Ø£Ù…Ø±ÙŠÙƒØ§ Ù‚ØªÙ„Øª Ø¨Ø§Ù„Ø§Ù…Ø³ Ù…Ø¹ÙˆÙ‚ Ø±ÙØ¶ Ø±ÙØ¹ ÙŠØ¯ÙŠÙ‡ ÙÙ…Ø§Ø°Ø§ ØªØ±ÙŠØ¯ Ù…Ù† Ø§Ù„Ø´Ø±Ø·Ø© Ø§Ù„Ù…ØµØ±ÙŠØ© Ø£Ù† ØªÙØ¹Ù„ Ø¹Ù†Ø¯Ù…Ø§ ØªØªØ¹Ø§Ù…Ù„ Ù…Ø¹ Ù…Ø³Ù„Ø­ÙŠÙ† Ù…Ø¹Ù‡Ù… Ù…ØªÙØ¬Ø±Ø§Øª,ara,TRUE,0,1,0,1,0,1,0,1,1,1,0,arabic_86
"Ù‡ÙŠ Ø²Ø¹Ù„Øª Ù„ÙŠØ© Ù…Ø´ ÙØ§Ù‡Ù… 
Ù…Ø§Ù‡ÙŠ ÙˆÙƒÙ„ Ø§Ù„Ù†Ø³ÙˆØ§Ù† Ø¨ÙŠØ±ÙˆØ­ÙˆØ§ Ø§Ù„Ø¬ÙŠÙ… Ø§Ù„Ù…Ø®ØªÙ„Ø· Ø¹Ù„Ø´Ø§Ù† ÙŠØªÙ… Ø§Ù„ØªØ­Ø±Ø´ Ø¨ÙŠÙ‡Ù…",ara,TRUE,1,0,0,0,0,1,1,1,1,1,0,arabic_877
Ù…ÙŠÙ† Ø³Ø§Ø¦Ù„ Ø¹Ù†Ù† ÙˆÙŠÙ† Ù…Ø§ÙƒØ§Ù†Ùˆ ÙŠÙƒÙˆÙ†Ùˆ Ø¨Ø¬Ù‡Ù†Ù… ØªØ§Ø®Ø¯Ù† Ù‡Ù… ÙˆØ§Ù„Ù†ØµÙŠØ±ÙŠØ© Ø¯ÙŠØ¯Ù† ÙˆØ§Ø­Ø¯... Ù…Ù†Ø§ÙÙ‚ÙŠÙ† Ù…Ø±ØªØ¯ÙŠÙ† ÙŠÙƒØ±Ù‡ÙˆÙ† Ø§Ù„Ù…Ø³Ù„Ù…ÙŠÙ†,ara,TRUE,0,0,1,1,0,1,1,1,1,1,0,arabic_1091
Ø´Ø¹Ø¨ Ø¬Ø§Ù‡Ù„ ÙˆÙ…ØªØ®Ù„Ù ÙŠØ­Ø¨ Ø§Ù„Ø®ÙŠØ± Ù„Ø£Ù…Ù‡ ÙˆØ£Ø®ØªÙ‡ Ø¯ÙŠÙ† Ø°ÙƒÙˆØ±ÙŠ ÙˆØ¥Ø­ØªÙ‚Ø§Ø± Ø§Ù„Ù…Ø±Ø£Ø© ØªØ³Ø¹Ù‰ ÙˆØªØ´ØªØºÙ„ Ù…Ø«Ù„Ù‡Ø§ Ø§Ù„Ø±Ø¬Ù„,ara,TRUE,1,0,1,1,1,1,1,1,1,1,0,arabic_2079
Ø§Ù„Ø®Ù„ÙŠØ¬ÙŠÙŠÙ† ÙŠØ¸Ù†ÙˆØ§ Ø¨Ø§Ù†Ù‡Ù… Ø§ÙØ¶Ù„ Ù…Ù† Ø§Ù„Ø§Ø®Ø±ÙŠÙ† Ø¨Ø³Ø¨Ø¨ ÙÙ„ÙˆØ³Ù‡Ù… Ø¨Ø³ Ù„Ø§Ø²Ù… ÙŠØ¹Ø±ÙÙˆØ§ Ø¨Ø§Ù† Ø§Ù„Ù†Ø®ÙˆÙ‡ Ùˆ Ø§Ù„Ø¹Ø±ÙˆÙˆÙˆÙˆØ¨Ù‡ ÙÙˆÙ‚ Ø§Ù„Ù…Ø§Ù„ Ùˆ Ø§Ù„ÙÙ„ÙˆØ³ Ø¨Ø§Ù„Ø­Ø°Ø§Ø§Ø§Ø§Ø§Ø¡,ara,TRUE,0,0,0,1,0,1,1,1,1,0,0,arabic_1555
Ù„Ø¹Ù†Ù‡ Ø§Ù„Ù„Ù‡ Ø¹Ù„ÙŠÙƒ Ø£Ùˆ Ø¹Ù„Ù‰ Ø§Ø­Ù…Ø¯ Ø§Ù„Ø´Ø±Ø¹,ara,TRUE,0,1,0,1,1,1,1,0,0,0,0,arabic_2612
Ù„Ø¹Ù†Ù‡ Ø§Ù„Ø´Ø¹Ø¨ Ø§Ù„ØªÙˆÙ†Ø³ÙŠ Ø§Ù„Ø³Ø§ÙƒØª ÙˆØ§Ù„Ø®Ø§Ù†Ø³ Ù„Ø¹Ù†ÙƒÙ…,ara,TRUE,0,1,0,1,0,1,1,0,1,0,0,arabic_2050
"
 Ø¹Ø§Ø¬Ù„ | Ø­Ø³Ø¨ ØµØ­ÙŠÙØ© Ù„ÙŠÙƒÙŠØ¨ Ø§Ù„ÙØ±Ù†Ø³ÙŠØ©: ØªÙ… ØªØ£Ø¬ÙŠÙ„ ÙƒØ£Ø³ Ø£ÙØ±ÙŠÙ‚ÙŠØ§ 2025ØŒ Ø§Ù„ØªÙŠ ÙƒØ§Ù† Ù…Ù† Ø§Ù„Ù…Ù‚Ø±Ø± Ø£Ù† ØªÙÙ‚Ø§Ù… ÙÙŠ Ø§Ù„Ù…ØºØ±Ø¨ØŒ Ø¥Ù„Ù‰ Ø¨Ø¯Ø§ÙŠØ© Ø§Ù„Ø¹Ø§Ù… 2026ØŒ ÙˆØ°Ù„Ùƒ Ø¨Ø³Ø¨Ø¨ ØªØ¹Ø§Ø±Ø¶Ù‡Ø§ Ù…Ø¹ Ø±ÙˆØ²Ù†Ø§Ù…Ø© ÙƒØ£Ø³ Ø§Ù„Ø¹Ø§Ù„Ù… Ù„Ù„Ø£Ù†Ø¯ÙŠØ©.",ara,FALSE,0,0,0,0,0,0,0,0,0,0,0,arabic_4776
Ø£Ø³Ø¹Ø§Ø± Ø§Ù„ÙÙˆØ§ØªÙŠØ± Ø§Ù„  Ø¨Ø¹Ø¯ Ø§Ù„Ø²ÙŠØ§Ø¯Ø© Ø§Ù„Ø¬Ø¯ÙŠØ¯Ø© Ø§ÙŠÙ‡ ÙŠØ§Ù„ Ø­Ø¨ÙŠØ¨ØŸ,ara,FALSE,0,0,0,0,0,0,0,0,0,0,0,arabic_4517
Ø´Ø¬Ø§Ø± Ø¨ÙŠÙ† Ù„Ø§Ø¹Ø¨ÙŠ Ø§Ù„Ø´Ø¨Ø§Ø¨ Ø§Ù„Ø³Ø¹ÙˆØ¯ÙŠ ÙˆØ§Ù„Ø²Ù…Ø§Ù„Ùƒ Ø§Ù„Ù…ØµØ±ÙŠ ÙÙŠ Ù…Ø¨Ø§Ø±Ø§Ø© ÙƒØ£Ø³ Ø§Ù„Ø¹Ø±Ø¨ Ù„Ù„Ø£Ù†Ø¯ÙŠØ© Ø§Ù„Ø£Ø¨Ø·Ø§Ù„,ara,FALSE,0,0,0,0,0,0,0,0,0,0,0,arabic_4657
Ø£Ø±Ù‚Ø§Ù… Ù†ÙŠÙ…Ø§Ø± Ù…Ø¹ Ø³Ø§Ù†ØªÙˆØ³ Ø®Ù„Ø§Ù„ 3 Ø£Ø³Ø§Ø¨ÙŠØ¹ Ø£ÙØ¶Ù„ Ù…Ù† 17 Ø´Ù‡Ø±Ø§ Ù…Ø¹ Ø§Ù„Ù‡Ù„Ø§Ù„,ara,FALSE,0,0,0,0,0,0,0,0,0,0,0,arabic_3580
"""Ø¯ÙŠØ¨Ø³ÙŠÙƒ"".. Ø²Ù„Ø²Ø§Ù„ Ø¹Ø±Ø¶ÙŠ Ø£Ù… ØªØ­ÙˆÙ„ Ø§Ø³ØªØ±Ø§ØªÙŠØ¬ÙŠ ÙÙŠ Ø£Ø³Ù‡Ù… Ø§Ù„Ù€ AIØŸ",ara,FALSE,0,0,0,0,0,0,0,0,0,0,0,arabic_3839
Ù‚Ø§Ù†ÙˆÙ† Ø§Ù„Ø£Ù…Ù† Ø§Ù„ØºØ°Ø§Ø¦ÙŠ Ù‚Ø·Ø¹Øª Ø±ÙˆØ­Ùƒ Ø¹Ù„ÙŠ ÙˆÙŠÙ† ØµØ§Ø± Ø¨Ù„Ù‡ Ù¢Ù¥ ØªØ±Ù„ÙŠÙˆÙ† Ø³Ø±Ù‚ØªÙˆÙ‡Ù† ÙˆØ¬Ø§ÙŠ ØªØ­Ø¬ÙŠÙ„ÙŠ Ø¨Ù„ÙÙ‚ÙŠØ± ÙˆÙ„Ù…Ø¶Ù„ÙˆÙ… Ø§Ù„Ø§Ù„Ø¹Ù†Ù‡ Ø§Ù„Ù„Ù‡ Ø¹Ù„ÙŠÙƒÙ… Ø§Ø¬Ù…Ø¹ÙŠÙ†,ara,FALSE,0,1,0,0,0,1,1,0,0,1,0,arabic_645
Ù…Ø­ÙƒÙ…Ø© Ø§Ù„ØªØ¹Ù‚ÙŠØ¨ ØªØ¤ÙŠØ¯ Ø­ÙƒÙ… Ø§Ù„Ø³Ø¬Ù† ÙˆØ§Ù„Ù…Ø±Ø§Ù‚Ø¨Ø© Ø§Ù„Ø¥Ø¯Ø§Ø±ÙŠØ© Ø¶Ø¯ Ø±Ø§Ø´Ø¯ Ø§Ù„ØºÙ†ÙˆØ´ÙŠ,ara,FALSE,0,0,0,0,0,0,0,0,0,0,0,arabic_4173
"#Ø§Ù„Ø¹Ø´Ø±ÙŠØ©_Ø§Ù„Ø³ÙˆØ¯Ø§Ø¡ ØµÙ†Ø¹Øª Ø§Ù„Ø§Ø³ØªØ¨Ø¯Ø§Ø¯ Ø¨Ø¹Ø¯ Ø¨Ø²ÙˆØº Ù†ÙˆØ± Ø§Ù„Ø­Ø±ÙŠØ© Ùˆ Ø§Ù„Ø¯ÙŠÙ…Ù‚Ø±Ø§Ø·ÙŠØ©. 
Ø§Ø²ÙŠØ¯ Ù…Ù† Ù…Ø§Ø¦ØªÙŠÙ† Ø§Ù„Ù Ù‚ØªÙŠÙ„ ØªØ­ØªØ§Ø¬ Ø¥Ù„Ù‰ Ø±Ø¯ Ø§Ù„Ø§Ø¹ØªØ¨Ø§Ø± .",ara,FALSE,0,0,0,0,0,0,0,0,0,0,0,arabic_573
ÙÙ„ÙˆÙ„ Ø§Ù„Ù†Ø¸Ø§Ù… ÙŠØ§ Ø¹Ø¶Ùˆ Ù‡Ø±Ø¨ÙˆØ§ Ø®Ø§Ø±Ø¬ Ø³ÙˆØ±ÙŠØ§ . Ù‡Ù†Ø§Ùƒ Ù‚ØªÙ„ Ø·Ø§Ø¦ÙÙŠ Ø¨Ø§Ù„Ø³Ø§Ø­Ù„ Ø¨Ø£Ù…Ø± Ù…Ù† Ø§Ù„Ø³Ù„Ø·Ø© Ø§Ù„Ø­Ø§ÙƒÙ…Ø© Ø§Ù„Ù…Ø¤Ù‚ØªØ©,ara,FALSE,0,0,0,0,0,0,0,0,0,0,0,arabic_2691
Ø§Ù„Ø¯Ø¹ØªÙˆØ± Ù…Ø«Ù„Ù‡ Ù…Ø«Ù„ Ø§ÙŠ Ø­ÙŠ Ø³ÙˆØ±ÙŠ .. Ù…ÙØ¹Ù… Ø¨Ø§Ù„ÙÙ‚Ø± Ùˆ Ø­Ø§ÙÙ„ Ø¨Ø§Ù„ØªØ¹ØªÙŠØ± Ùˆ Ù…Ø¬Ø¨ÙˆÙ„ Ø¨Ø§Ù„Ø·ÙŠØ¨Ø© .. Ø§Ù„Ù‚Ø¨Ø¶ Ø¹Ù„Ù‰ Ù…Ø·Ù„ÙˆØ¨ Ù„Ø§ ÙŠØ­ØªØ§Ø¬ ÙƒÙ„ Ù‡Ø°Ø§ Ø§Ù„Ø¹Ù†Ù Ø§Ù„Ù‚Ø¯ÙŠÙ… Ø§Ù„Ø¬Ø¯ÙŠØ¯,ara,FALSE,0,0,0,0,0,0,0,0,0,0,0,arabic_965
"Ø§Ù„ØµØ­Ø© Ø§Ù„Ø¹Ø§Ù„Ù…ÙŠØ© ØªØ­Ø°Ø± Ù…Ù† ""ØªØ²ÙŠÙŠÙ"" Ø­Ù‚Ù† ØªÙ‚Ù„ÙŠÙ„ Ø§Ù„ÙˆØ²Ù†",ara,FALSE,0,0,0,0,0,0,0,0,0,0,0,arabic_3771
Gibt sogar recht viele Ex-Muslime. Alles sehr vernÃ¼nftige Leute.,deu,TRUE,0,0,1,0,0,0,0,0,1,0,0,german_reddit_f7bd2b48a9faff76c0e9f39e2
"Das sind keine Extremisten sondern relativ normale Muslime. Extremisten ziehen in den Krieg und enthaupten ""UnglÃ¤ubige"" (meistens andere Muslime). Normale haben Muslime nur eine strenge Sexualmoral sowie hier.",deu,TRUE,0,1,1,0,0,1,0,1,1,0,1,german_reddit_d4563a4d08426ef4f4f89bc6d
"NÃ¶, aber alle im Ausland lebenden nationalistischen TÃ¼rken sind irgendwie nach Definition im Ausland lebende TÃ¼rken und um die wird es vermutlich auch in Threads gehen wo sich einheimische TÃ¼rken Ã¼ber ""GurbetÃ§i"" aufregen",deu,TRUE,0,1,0,1,0,1,1,1,1,0,0,german_reddit_93071506b3d5a46dab8c51e9d
"Was laberst du?
 
 Aufgrund des extrem schnellen BevÃ¶lkerungswachstums in grÃ¶ÃŸtenteils muslimischen LÃ¤ndern wird der Anteil der Muslime an der WeltbevÃ¶lkerung bis 2050 um ca. 5 Prozentpunkte steigen, wÃ¤hrend der Anteil der Konfessionslosen an der WeltbevÃ¶lkerung sinkt.
 
 @URL",deu,TRUE,0,1,1,1,0,0,1,1,1,0,0,german_reddit_daf06314dbfcd637bef9fc5df
"Kriegstreiber! Auch ihr, die Propagandapresse!!!",deu,TRUE,0,1,0,0,1,1,1,1,1,0,0,german_twitter_4201
Steuerzahler und Juden,deu,TRUE,0,0,1,1,0,0,0,1,0,0,1,german_reddit_05e3f7ab97b65e0044aae2a2c
Ja die TÃ¼rken leiden sehr stark unter ihrem links grÃ¼n versifften Erdogan. Muss man wissen. :D,deu,TRUE,0,1,0,1,1,1,1,1,0,1,0,german_reddit_12e32d043cfbc3c40fc19c313
Die Klima Armee Fraktion wird kommen.,deu,TRUE,0,1,0,0,1,1,0,1,1,0,0,german_reddit_9e8c55dbe737eb5c47bf2ef3b
"Das klingt als wuerdest du hier ein Feminismus-Gotcha aus deiner Wahrnehmung ableiten wo objektiv keines ist. Ich hab noch nie jemandes ernsthaft behauten hoeren das speziell Frauen Kriegstreiber sind, eher das Gegenteil.",deu,TRUE,1,1,0,0,0,0,1,1,0,0,0,german_reddit_62b75c52e940b99203939981d
"Denk ich nicht, nein. Migration ist deren Kernthema.",deu,TRUE,0,1,0,0,0,0,0,1,0,0,0,german_reddit_e92d56d442d394701804be875
"Es gibt bereits vereinzelte EinsÃ¤tze von Bodentruppen in Gaza.
 
 @URL",deu,FALSE,0,0,0,0,0,0,0,0,0,0,0,german_reddit_f4e94376dce4ec7ce9e01fc22
Lass dich nicht aufhalten. Es gibt eine ukrainische Fremdenlegion. Da kannst du dich melden.,deu,FALSE,0,0,0,0,1,1,0,0,0,0,0,german_reddit_731b0c7627da7d57ba6cb0184
Klingt fÃ¼r mich nach Long COVID,deu,FALSE,0,0,0,0,0,0,0,0,0,0,0,german_reddit_9e2585216cdaa3247e6841526
Wenn ich schon wieder dieses Woke lese. Der AfD ist sogar unser Grundgesetz zu Woke. HÃ¶rt auf das Wort so inflationÃ¤r zu gebrauchen.,deu,FALSE,0,0,0,0,1,0,1,0,0,0,0,german_reddit_42161087c6fadc90fb9d80f78
"Auch eine SchilddrÃ¼senunterfunktion schwÃ¤cht das Immunsystem. 
 TSH, fT3 und fT4 Wert testen lassen, falls sie noch andere Symptome einer Unterfunktion hat",deu,FALSE,0,0,0,0,0,0,0,0,0,0,0,german_reddit_b4f93901bbef0d68e54d46cbe
CO2 ist gut fÃ¼r Pflanzen,deu,FALSE,0,0,0,0,0,0,0,0,0,0,0,german_reddit_b5551a1252c2c4548ce2d603d
Wann war die letzte Anti-Islamismus-Demo?,deu,FALSE,0,1,1,0,0,0,0,0,0,1,0,german_reddit_518e29671856be0f033e23950
wurde heute von der katze geweckt ğŸ¥°,deu,FALSE,0,0,0,0,0,0,0,0,0,0,0,german_twitter_9436
Klopapier! Seit Corona gÃ¶nn ich mir Luxus,deu,FALSE,0,0,0,0,0,0,0,0,0,0,0,german_reddit_885ee428c7746c66612aabdd0
"Ja, muss schon wieder Zeit fÃ¼r 5G-Impfung sein",deu,FALSE,0,0,0,0,1,1,0,0,0,0,0,german_reddit_2cc7a53627cda2f3c9cb97cab
Find yourself a west bank settler gf,eng,TRUE,1,1,0,0,0,1,0,1,0,0,0,english_2228
Fascist oligarchs now control the USA,eng,TRUE,0,1,0,0,0,1,1,0,0,0,0,english_188
Someone end this lunatic before he starts ethnic cleansing,eng,TRUE,0,1,0,1,0,1,1,1,0,0,0,english_598
Hi apartheid state the one and only remaining 1.,eng,TRUE,0,1,0,1,0,1,0,0,0,1,0,english_2280
"When I hear things like ""stooge for Russian aggression"" I know who the real stooge is",eng,TRUE,0,1,0,0,1,1,0,1,1,1,0,english_2858
Its no coincidence that today because of these progressive policies we now have an open air drug market. Hmmmm,eng,TRUE,0,1,0,0,0,1,0,0,1,0,0,english_2396
Go to democrats and sabotage democrats.,eng,TRUE,0,1,0,0,0,0,1,0,0,0,0,english_2253
"Does that cover lies about a stolen election, Gym?",eng,TRUE,0,1,0,0,0,0,0,0,1,1,0,english_2197
Apparently the Hamas attack was the weathers fault.,eng,TRUE,0,1,0,1,0,1,0,0,1,0,1,english_2091
November 3rd was a stolen election,eng,TRUE,0,1,0,0,0,0,1,0,1,0,0,english_2495
Defund the Castleton Police Department DefundThePolice,eng,TRUE,0,1,0,0,0,0,1,0,0,0,0,english_2167
The EU is increasing military aid to Ukraine to one billion euros the press release on the website of the Council of Europe.,eng,FALSE,0,0,0,0,0,0,0,0,0,0,0,english_2675
House drafts bill to strike Iran proxies amid IsraelHamas,eng,FALSE,0,0,0,0,0,0,0,0,0,0,0,english_1394
Contested races across county early voting,eng,FALSE,0,0,0,0,0,0,0,0,0,0,0,english_1093
Dem bill would hold West Bank settlers accountable for violence Doubt it,eng,FALSE,0,0,0,0,0,0,0,0,0,0,0,english_141
Local woman gets a death threat after flying Trump MAGA,eng,FALSE,0,0,0,0,0,0,0,0,0,0,0,english_1571
"Unmask ChildrenParents rights, energy, and border security.",eng,FALSE,0,0,0,0,0,0,0,0,0,0,0,english_2795
All in the Family: Sheriff's Son Is New DPS Officer,eng,FALSE,0,0,0,0,0,0,0,0,0,0,0,english_968
"The House passed another 40B military aid package to Ukraine, wheres the money coming from?????",eng,FALSE,0,0,0,0,0,0,0,0,0,0,0,english_2679
Republicans weigh expelling Matt Gaetz after booting,eng,FALSE,0,0,0,0,0,0,0,0,0,0,0,english_1773
Ù¾Ø³ ÙØ±Ø³ØªØ§Ø¯Ù† Ú©Ù…Ú© Ù†Ø¸Ø§Ù…ÛŒ Ø¨Ù‡ Ø§ÙˆÚ©Ø±Ø§ÛŒÙ† Ø±Ø§ Ú†Ù‡ Ù…ÛŒâ€ŒÙ†Ø§Ù…ÛŒØ¯ØŸ,fas,TRUE,0,1,0,0,0,0,0,0,0,1,0,
Ø¸Ø§Ù‡Ø±Ø§Ù‹ Ø­Ù…Ù„Ù‡Ù” Ø­Ù…Ø§Ø³ ØªÙ‚ØµÛŒØ± Ù‡ÙˆØ§ Ø¨ÙˆØ¯Ù‡!,fas,TRUE,0,1,0,1,0,1,0,0,0,1,1,
ÛŒÚ© Ø³Ø§Ù„ Ù…ÛŒÙ„Ø§Ø¯ÛŒ Ø¯ÛŒÚ¯Ù‡ØŒ ÛŒÚ© Ù†Ø³Ù„â€ŒÚ©Ø´ÛŒ Ø¯ÛŒÚ¯Ù‡ØŒ Ù¾Ø®Ø´ Ø²Ù†Ø¯Ù‡ Ø¨Ø±Ø§ÛŒ Ø³Ø±Ú¯Ø±Ù…ÛŒ Ø´Ù…Ø§!  ÙÙ„Ø³Ø·ÛŒÙ†ØŒ Ø§Ø³Ø±Ø§Ø¦ÛŒÙ„ØŒ Ø¢Ù…Ø±ÛŒÚ©Ø§ØŒ Ù„Ø¨Ù†Ø§Ù†ØŒ Ú©Ø±ÛŒØ³Ù…Ø³ØŒ Ø³Ø§Ù„ Ù†Ùˆ...,fas,TRUE,0,1,1,1,0,0,1,0,1,0,0,
Ø¨Ø±Ùˆ Ø³Ø±Ø§Øº Ø¯Ù…ÙˆÚ©Ø±Ø§Øªâ€ŒÙ‡Ø§ Ùˆ Ø®Ø±Ø§Ø¨Ø´ÙˆÙ† Ú©Ù†!,fas,TRUE,0,1,0,0,0,1,0,1,1,0,0,
Ø§ÙˆÙ† Ø´Ø§Ù…Ù„ Ø¯Ø±ÙˆØºâ€ŒÙ‡Ø§ÛŒÛŒ Ø¯Ø±Ø¨Ø§Ø±Ù‡Ù” ØªÙ‚Ù„Ø¨ Ø¯Ø± Ø§Ù†ØªØ®Ø§Ø¨Ø§Øª Ù‡Ù… Ù…ÛŒâ€ŒØ´Ù†ØŒ Ø¬ÛŒÙ…ØŸ,fas,TRUE,0,1,0,0,0,1,1,0,0,0,0,
ØµÙ‡ÛŒÙˆÙ†ÛŒØ³Ù… Ù‚Ù„Ø¨ ÛŒÙ‡ÙˆØ¯ÛŒØª Ø§Ø³Øª.,fas,TRUE,0,1,1,1,0,1,1,0,0,0,0,
Ø§Ù†ØªØ®Ø§Ø¨Ø§Øª Ø³ÙˆÙ… Ù†ÙˆØ§Ù…Ø¨Ø± Ø±Ùˆ Ø¯Ø²Ø¯ÛŒØ¯Ù‡ Ø¨ÙˆØ¯Ù†!,fas,TRUE,0,1,0,0,0,1,0,0,1,0,0,
ÙÚ©Ø± Ù…ÛŒâ€ŒÚ©Ù†ÛŒ Ø§ÛŒÙ†Ú©Ù‡ Ø­Ù…Ø§Ø³ Ø§Ø² Ù…Ø±Ø¯Ù… Ø¨Ù‡ Ø¹Ù†ÙˆØ§Ù† Ø³Ù¾Ø± Ø§Ù†Ø³Ø§Ù†ÛŒ Ø§Ø³ØªÙØ§Ø¯Ù‡ Ù…ÛŒâ€ŒÚ©Ù†Ù‡ØŒ Ù…ÛŒâ€ŒØªÙˆÙ†Ù‡ Ø±Ø¨Ø·ÛŒ Ø¨Ù‡ Ø§ÛŒÙ† Ù…ÙˆØ¶ÙˆØ¹ Ø¯Ø§Ø´ØªÙ‡ Ø¨Ø§Ø´Ù‡ØŸ,fas,TRUE,0,1,0,1,0,1,1,1,1,1,1,
Ø¨Ù‡ Ù‡Ù…ÛŒÙ† Ø¯Ù„ÛŒÙ„Ù‡ Ú©Ù‡ Ø¬Ù…Ù‡ÙˆØ±ÛŒâ€ŒØ®ÙˆØ§Ù‡Ø§ Ø¯Ø§Ø±Ù† Ø³Ø¹ÛŒ Ù…ÛŒâ€ŒÚ©Ù†Ù† Ø­Ù‚ Ø±Ø£ÛŒ Ø²Ù†Ø§Ù† Ø±Ùˆ Ø¨Ú¯ÛŒØ±Ù†!,fas,TRUE,1,1,0,0,0,1,0,0,1,0,0,
Ø¨Ø±Ùˆ ÛŒÙ‡ Ø¯ÙˆØ³Øªâ€ŒØ¯Ø®ØªØ± Ø´Ù‡Ø±Ùƒâ€ŒÙ†Ø´ÛŒÙ† ØªÙˆÛŒ Ú©Ø±Ø§Ù†Ù‡ Ø¨Ø§Ø®ØªØ±ÛŒ Ù¾ÛŒØ¯Ø§ Ú©Ù†!,fas,TRUE,1,1,0,1,0,0,0,0,0,0,0,
ØªÙˆ Ú©Ù†Ú¯Ø±Ù‡â€ŒÛŒ Û±Û±ÛµØŒ Ø¬Ù„Ø³Ù‡ Ú¯Ø°Ø§Ø´ØªÙ† Ú©Ù‡ Ø¨Ø±Ø±Ø³ÛŒ Ú©Ù†Ù† Ø±ÙˆØ³ÛŒÙ‡ Ú†Ø¬ÙˆØ±ÛŒ ØªÙˆ Ø§Ù†ØªØ®Ø§Ø¨Ø§Øª Ø¯Ø®Ø§Ù„Øª Ú©Ø±Ø¯Ù‡ Ø¨ÙˆØ¯ØŒ Ø¬Ù„ÙˆÛŒ Ú©Ù…ÛŒØªÙ‡ Ø§Ø·Ù„Ø§Ø¹Ø§Øª Ø³Ù†Ø§,fas,FALSE,0,1,0,0,0,0,0,0,0,0,0,
Ø±ÙˆØ§ÛŒØª Ù¾Ù†Ø§Ù‡Ù†Ø¯Ú¯Ø§Ù†ÛŒ Ú©Ù‡ ØªÙˆÛŒ Ø¨ÙˆÛŒØ²ÛŒ Ø®ÙˆÙ†Ù‡ Ù¾ÛŒØ¯Ø§ Ú©Ø±Ø¯Ù† ( Ø§Ø²  Ù†Ø´Ø±ÛŒÙ‡),fas,FALSE,0,0,0,0,0,0,0,0,0,0,0,
ÙÛŒÙ†Ø³ØªØ±Ø§ Ø¯Ø§Ø±Ù‡ Ø¯Ø±Ø¨Ø§Ø±Ù‡Ù” Ø§Ú©Ø«Ø±ÛŒØª Ø¬Ø¯ÛŒØ¯ Ø¬Ù…Ù‡ÙˆØ±ÛŒâ€ŒØ®ÙˆØ§Ù‡â€ŒÙ‡Ø§ ØªÙˆ Ù…Ø¬Ù„Ø³ Ø­Ø±Ù Ù…ÛŒâ€ŒØ²Ù†Ù‡ØŒ Ù‡Ù…ÙˆÙ† Ú¯Ø²Ø§Ø±Ø´Ù Ù…Ø¬Ù„Ù‡â€ŒÛŒ Ø¢ÛŒÙˆØ§ Ù†ÙˆØ±Øªâ€ŒÙˆØ³Øª.,fas,FALSE,0,0,0,0,0,0,0,0,0,0,0,
ÛŒÙ‡ Ø²Ù† Ù…Ø­Ù„ÛŒ ÙˆÙ‚ØªÛŒ Ù¾Ø±Ú†Ù… ØªØ±Ø§Ù…Ù¾ Ùˆ MAGA Ø±Ùˆ Ø²Ø¯Ù‡ Ø¨ÙˆØ¯ØŒ ØªÙ‡Ø¯ÛŒØ¯ Ø¨Ù‡ Ù…Ø±Ú¯ Ø´Ø¯.,fas,FALSE,0,0,0,0,0,0,0,0,0,0,0,
Ú©Ø³ÛŒ Ù‡Ø³Øª Ú©Ù‡ Ø¨ØªÙˆÙ†Ù‡ ØªØ±Ø§Ù…Ù¾ Ø±Ùˆ ØªÙˆ Ø¢ÛŒÙˆÙˆØ§ Ø´Ú©Ø³Øª Ø¨Ø¯Ù‡ØŸ,fas,FALSE,0,0,0,0,0,0,0,0,0,0,0,
Ù†Ù‡ Ø¨Ù‡ Ù…Ø§Ø³Ú© Ø¨Ø±Ø§ÛŒ Ø¨Ú†Ù‡â€ŒÙ‡Ø§Ø› Ø¢Ø±Ù‡ Ø¨Ù‡ Ø­Ù‚ÙˆÙ‚ ÙˆØ§Ù„Ø¯ÛŒÙ†ØŒ Ø§Ù†Ø±Ú˜ÛŒØŒ Ùˆ Ø§Ù…Ù†ÛŒØª Ù…Ø±Ø²Ù‡Ø§,fas,FALSE,0,0,0,0,0,0,0,0,0,0,0,
Ù‡Ù…Ù‡â€ŒÚ†ÛŒ Ø¯Ø± Ø®Ø§Ù†ÙˆØ§Ø¯Ù‡ Ù…ÛŒâ€ŒÙ…ÙˆÙ†Ù‡: Ù¾Ø³Ø± Ú©Ù„Ø§Ù†ØªØ± Ø§ÙØ³Ø± Ø¬Ø¯ÛŒØ¯ Ø§Ø¯Ø§Ø±Ù‡ Ø§Ù…Ù†ÛŒØª Ø´Ø¯,fas,FALSE,0,0,0,0,0,0,0,0,0,0,0,
Ù…Ø¬Ù„Ø³ ÛŒÙ‡ Ø¨Ø³ØªÙ‡ Ú©Ù…Ú© Ù†Ø¸Ø§Ù…ÛŒ Û´Û° Ù…ÛŒÙ„ÛŒØ§Ø±Ø¯ Ø¯Ù„Ø§Ø±ÛŒ Ø¯ÛŒÚ¯Ù‡ Ø¨Ø±Ø§ÛŒ Ø§ÙˆÚ©Ø±Ø§ÛŒÙ† ØªØµÙˆÛŒØ¨ Ú©Ø±Ø¯Ø› Ù¾ÙˆÙ„Ø´ Ø¯Ù‚ÛŒÙ‚Ø§Ù‹ Ø§Ø² Ú©Ø¬Ø§ Ù…ÛŒØ§Ø¯ØŸØŸØŸ,fas,FALSE,0,0,0,0,0,0,0,0,0,0,0,
Ø¨Ø¹Ø¯ Ø§Ø² Ø§Ø®Ø±Ø§Ø¬ Ø§Ø®ÛŒØ±ØŒ Ø¬Ù…Ù‡ÙˆØ±ÛŒâ€ŒØ®ÙˆØ§Ù‡Ø§Ù† Ø¯Ø± ÙÚ©Ø± Ø§Ø®Ø±Ø§Ø¬ Ù…Øª Ú¯ÛŒØªØ³ Ù‡Ø³ØªÙ†Ø¯,fas,FALSE,0,0,0,0,0,0,0,0,0,0,0,
Ø·Ø¨Ù‚ Ø¨Ø±Ù†Ø§Ù…Ù‡ØŒ Ù†Ø§ØªÙˆ Ù…Ø³Ø¦ÙˆÙ„ÛŒØª Ù‡Ù…Ø§Ù‡Ù†Ú¯ÛŒ Ú©Ù…Ú©â€ŒÙ‡Ø§ÛŒ Ù†Ø¸Ø§Ù…ÛŒ ØºØ±Ø¨ Ø¨Ù‡ Ø§ÙˆÚ©Ø±Ø§ÛŒÙ† Ø±Ùˆ Ø§Ø² Ø¢Ù…Ø±ÛŒÚ©Ø§ ØªØ­ÙˆÛŒÙ„ Ú¯Ø±ÙØªÙ‡ â€” Ø¨Ù‡ Ú¯ÙØªÙ‡â€ŒÛŒ ÛŒÚ© Ù…Ù†Ø¨Ø¹ØŒ Ø§ÛŒÙ† Ø§Ù‚Ø¯Ø§Ù… Ø¨Ø±Ø§ÛŒ Ù…Ø­Ø§ÙØ¸Øª Ø§Ø² Ø§ÛŒÙ† Ø±ÙˆÙ†Ø¯ Ø­Ù…Ø§ÛŒØªÛŒ Ø¯Ø± Ø¨Ø±Ø§Ø¨Ø± Ø±Ø¦ÛŒØ³â€ŒØ¬Ù…Ù‡ÙˆØ± Ù…Ù†ØªØ®Ø¨ Ø¢Ù…Ø±ÛŒÚ©Ø§ØŒ Ø¯ÙˆÙ†Ø§Ù„Ø¯ ØªØ±Ø§Ù…Ù¾ØŒ Ú©Ù‡ Ø¨Ù‡ Ù†Ø§ØªÙˆ Ø¨Ø¯Ø¨ÛŒÙ† Ù‡Ø³ØªØŒ Ø§Ù†Ø¬Ø§Ù… Ø´Ø¯Ù‡.,fas,FALSE,0,0,0,0,0,0,0,0,0,0,0,
"so,almajiri cannot do his begging again ....issokay ...diarrisgodooo @username : mallam is dat u lookn Normal Hausa @username have to pay for this. jakunan banza yan wahala @username sunfiku kawo titles mah mtswwww Offensive Hausa @username this proves only one thing, that he met the govt. ni i heard his audio then, he was giving excuses that christian's dot interfere with their activities, but izala do, and that a vote for a christian means more peace, rather than dan izala. Normal Hausa true they'll even be calling you kabila ##url Normal Hausa ni wai dama gombe garin arna ne ko kudu ce? #justiceforbillirimuslims Normal Hausa @username go through my post and coming during pre presidential election. i warned my igbo brother not to make mistakes of aiding tinubu to presidency with the obedient movement, i told them tinubu guys in lagos and south west will show them shege . Normal Hausa @username see jamb scorer... ehen. i pass my jamb with flying colors 7years ago. go an read my bio... daqiqin jahili kawai. Offensive Hausa @username : gej = bh"" wanda ya bishi ma kafiri ne .. kuma ubansa ya daki hancin uwasssa",hau,TRUE,0,0,1,1,0,0,1,0,0,1,0,hausa_3796
"Kwankwaso yaba qaunar Zaman lpy da cigaban Kano, haka kace, to metasa yafi ku yawan magoya baya, ya qwace komai awajen ku, yabar ku kuna ta ihu kamar Karnuka.",hau,TRUE,0,1,0,0,0,0,0,0,0,0,1,hausa_1903
"In the history of Kano baâ€™a ta6a yan jagaliya bah irin yan Gandujiyya, munga me akai a inconclusive rai baâ€™a bakin komai yake ba akan biyan bukatunsu. â€œKoda tsiya koda tsiya tsiyaâ€ â€œRanar zabe kada Allah ya kiyayeâ€ wannan kadan daga maganganun da suka fito daga bakin shugaban jamiyyarku ne. Kun dawo da Aminu saboda ayi asarar rayuka da dukiya a garin nan, wannan mummunar manufar taku bazata faru ba bi iznilllahi",hau,TRUE,0,1,0,0,0,0,1,0,0,0,1,hausa_1897
"Wlh b wani gara a cikin su, da Iyamuri da Bayareben duk Yan iskan ne yanzu ba da hausawan Ake cutar mu ba",hau,TRUE,0,0,0,1,0,1,0,0,0,0,0,hausa_4100
"Wasa wasa fa Minister of Agriculture daqiqine, kamar ma Hayatee ce take gaya masa me ya kamata yayi ğŸ˜‚ğŸ’€",hau,TRUE,0,1,0,0,0,0,1,1,0,0,0,hausa_4368
tun da akayi duniya ba asararre kamar talakan arne maisa cross din roba ğŸ˜¢ğŸ˜­ @username,hau,TRUE,0,0,1,0,0,0,1,0,0,0,0,hausa_1460
Mufa yan Kaduna wani irin kallo ake mana kamar mu ba cikakkun musulmai ba ne you hear comments like kyankyasan inji yan bariki yen yen yen toh idan an isa idan mutum shi keda wuta ko aljanna ya hana mu shiga aljannar ya maka mu wutan. I hate nonsense.,hau,TRUE,0,0,1,1,0,0,0,1,0,0,0,hausa_709
Shi kuma @ShehuSani ai so yake yayi wa tinubu aiki domin a cigaba da azabtar da yan Nigeria,hau,TRUE,0,1,0,0,0,0,1,0,0,0,1,hausa_4500
"Babu yadda xaai mutum ya bar hanyar Allah kuma ya ga yadda yake so dole ya rinÆ™a haduwa da yan tasha yan uwansa, kinbar gida kin zo wani gari Kin tare taya zaai kema Allah yai miki yadda kike so,",hau,TRUE,1,0,1,0,0,0,0,1,0,0,0,hausa_1278
Allah ya kyauta wai sarki da taka mota yana mika gaisuwa wannan san mulki naka ale Aminu dame yayi kama ğŸ¤£ğŸ¤£ @Miniko_jnr @Asad_Mukty @INYAMURI @Tkr__khalifa Kings Wani Rashin Daraja a Gurin AMINU BLACKğŸ˜…ğŸ˜…ğŸ˜…,hau,TRUE,0,1,0,0,0,0,0,1,0,0,0,hausa_4141
#saynotoalmajiri: touching story of almajiri boy who aspires to become a #governor someday! ##url â€¦ @username,hau,FALSE,0,0,0,0,0,0,0,0,0,0,0,hausa_4761
#arewahetoo is abused. ğŸ‘‡ğŸ‘‡ğŸ‘‡ police arrest almajiri teacher over alleged sexual abuse of pupils. #almajirichild #abused #exploited #deprive #childrensday2019 @username ##url ##url,hau,FALSE,0,0,0,0,0,0,0,0,0,0,0,hausa_4592
ba mu harkar yahudawa ğŸ˜‚ğŸ¤­ ##url,hau,FALSE,0,0,0,0,0,0,0,0,0,0,0,hausa_703
gidadawa a sunan wurin ko? ##url,hau,FALSE,0,0,0,0,0,0,0,0,0,0,0,hausa_4751
wata yar tiktok tace akwai qaracin tarbiyya a twitter.ğŸ˜… wahala no de finish ğŸ˜…ğŸ˜…ğŸ˜…ğŸ’”,hau,FALSE,0,0,0,0,0,0,0,0,0,0,0,hausa_2240
@username nagode kaji wawiya,hau,FALSE,0,0,0,0,0,0,0,0,0,0,0,hausa_1599
@username na karya da maltina ğŸ¤£ğŸ˜‚,hau,FALSE,0,0,0,0,0,0,0,0,0,0,0,hausa_2751
"We are at times or most of the times religiously stupid, that's just that... Duk wanda yake sin cutar damu sai ya zo da sunan addini. Haka muke tin fil-azal. Mi tatsine ya ce shi malami ne, a karshe ya halakar da yayan arewa. Muhammadu Yusuf ya halakarda dubbai da sunan addini.",hau,FALSE,0,0,0,0,0,0,0,0,0,0,0,hausa_173
@username mata marasa hankali sai tweeting suke yi,hau,FALSE,0,0,0,0,0,0,0,0,0,0,0,hausa_5158
@username shegiya yar arniyan buru uba jaka sarka daya wanka biyu dashi yar wahala otundo ##url,hau,FALSE,0,0,0,0,0,0,0,0,0,0,0,hausa_340
Gli stranieri prima sfornano figli a manetta poi cercano sussidi... Per gli italiani nessuno fa niente anzi se sei in difficoltÃ  economica ti tolgono pure i figli...,ita,TRUE,,,,1,,,,,,,,_1052163314770436097
Ve lo dico adesso. Meglio morta che califfata. #islam #musulmani https://t.co/hcbpOCM83g,ita,TRUE,,,1,,,,,,,,,_825094933698768897
"#dallavostraparte Tutti gli #immigrati, 90% #clandestini, hanno diritto in #Italia tranne noi #italiani mi spiegate dov'Ã¨ l'errore???",ita,TRUE,,,,1,,,,,,,,_816368276951416834
"Se qualcuno di voi mi dimostra che negri, rom, islamici e clandestini sono davvero risorse, GIURO CHE BACIO IL CULO ALLA KYENGE!!!",ita,TRUE,,,1,,,,,,,,,_802834199187193856
"Per i #sinistrati tutto Ã¨ cultura.La merda #africana, la #MafiaNigeriana e relativi #Stupri, #Spaccio, #Prostituzione,l'#islam con i suoi precetti, #SposeBambine, #Infibulazioni, #DonneVelate...Tutto ciÃ² che Ã¨ diverso dalla nostra civiltÃ  avanzata, per loro Ã¨ #Cultura. https://t.co/qAe7gHcbLp",ita,TRUE,,,1,,,,,,,,,_1074306990988517381
"Niente di piÃ¹ vergognoso!! sfamare e pagare parassiti,sporchi,luridi.ladri,spacciatori,assassini,stupratori,terroristi afri-cani e lasciare e digiuno chi per una vita intera si e fatto in 4 per sfamare questo paese.VERGOGNA!!! https://t.co/JhUIew3R7E",ita,TRUE,,,1,,,,,,,,,_1051458621425557504
#agorarai il PD ha fatto entrere una invasione di immigrati che si saperva bene che Ã¨ quasi impossibile rimpatriare perchÃ¨ i paesi di origine non li vogliono perchÃ¨ sanno che sono tutti criminali e dicono teneteveli https://t.co/VV0GvByEih,ita,TRUE,,,,1,,,,,,,,_1055533109922447366
"@ellyesse Tanto a te che ti frega...In Svizzera,fuori dalla UE,i migranti clandestini non arrivano.Non devi vivere con un C.I.E. vicino casa,con all'interno 70 risorse,non devi subire il furto di 3 biciclette,e 2 furti in casa.Comodo farsi bella,con il culo degli altri.IPOCRITA...",ita,TRUE,,,,1,,,,,,,,_1051121169536090112
"@PatriziaRametta Altro che #giletgialli dovremo indossare ğŸ˜  nessuno fa notare alla signora che i terroristi sono tutti legalizzati, integrati con sussidi, casa, pensioni, e gli illegali, spacciatori e stupratori ? Ue di pace che ha portato la guerra fra popoli !! Infami ğŸ˜ ",ita,TRUE,,,1,,,,,,,,,_1072767165839880192
"@1Natsu01 Sei semplicemente stupido e obnubilato dalla tua ideologia pro immigrati che difende anche gli immigrati stupratori, in quanto sempre vittime, anche se stupratori, stuprano molto di piÃ¹, una donna italiana se aggredito Ã¨ molto probabile sia un immigrato e ciÃ² Ã¨ assurdo",ita,TRUE,,,,1,,,,,,,,_1077278804496842753
"meno male che li avete rispediti in libia @DaniloToninelli @luigidimaio (lâ€™altro manco lo considero). possiamo mica accollarci pure gli aborti delle africane, vero.
 ah giÃ , ma voi siete quelli buoni che hanno eletto @Roberto_Fico alla camera.
 karma is a bitch.
 #migranti #SeaWatch",ita,FALSE,,,,,,,,,,,,_1089084459155107840
"Non si Ã¨ mai visto a memoria dâ€™uomo un popolo migrare verso uno Stato in #recessione.
 I #migranti non vengono qua per 
 ğŸ”¹Lavorare
 ğŸ”¹Avere un futuro 
 Ma per sostituirsi agli autoctoni cacciandoli via.
 Scopoâ“
 LA DIASPORA DEGLI ITALIANI 
 (Popolo piÃ¹ uniti di quanto crediate)",ita,FALSE,,,,,,,,,,,,_1066600791597817857
"Cedric Herrou, una multa che Ã¨ una vittoria per il contadino-passeur che aiuta i migranti a frontiera Italia-Francia https://t.co/tpmlPmLT1J",ita,FALSE,,,,,,,,,,,,_830371375659511808
"@LNnerviano mussulmani di PD a palazzo Chigi, tagliagolla in Libia, libici in Italia, Italia senza italiani. Pinotti/Gentiloni dimettetevi.",ita,FALSE,,,,,,,,,,,,_567377582166126593
Solo i terroni. Per i rom c'e` il lager a via del Riposo https://t.co/S5QFeNge06,ita,FALSE,,,,,,,,,,,,_855801917699706880
"milioni di turchi in Germania,Olanda,Austria etc hanno votato a favore dell'islamizzazione appartengono alla terza-quarta generazione",ita,FALSE,,,,,,,,,,,,_854058219320332289
"Ecco Guy Verhofstadt (ALDE), nuovo alleato del @Mov5Stelle: Ã¨ a favore di #Euro, #migranti e #austeritÃ , ed amico dâ€¦ https://t.co/UdTJO0BO4t",ita,FALSE,,,,,,,,,,,,_818450080760025088
basata immigrati in Italia basta,ita,FALSE,,,,,,,,,,,,_854034930304774144
"Quelli che davanti alle stragi terroristiche ""condanniamo la violenza in ogni sua forma"" A posto. #jesuisCharlie https://t.co/nybASs9Hda",ita,FALSE,,,,,,,,,,,,_823645706850340864
"#daleggere @monzfreelance su Roma, nomadi e integrazione https://t.co/akFOWPKkOM",ita,FALSE,,,,,,,,,,,,_836965751751860225
à¤¯à¥€ à¤•à¤¾à¤à¤—à¥à¤°à¥‡à¤¸à¤•à¤¾ à¤¨à¥‡à¤¤à¤¾à¤¹à¤°à¥‚ à¤¦à¥‡à¤¶ à¤¬à¥‡à¤šà¥à¤¨à¥‡à¤¹à¤°à¥‚ à¤¹à¥à¤¨à¥à¥¤,nep,TRUE,,1,,,,,1,1,,,,
à¤¬à¥à¤°à¤¾à¤¹à¥à¤®à¤£à¤¹à¤°à¥‚ à¤¸à¤§à¥ˆà¤‚ à¤¬à¤¢à¥€ à¤¸à¥à¤µà¤¿à¤§à¤¾ à¤®à¤¾à¤—à¥à¤›à¤¨à¥à¥¤,nep,TRUE,,,,,1,,,1,,,,
à¤‡à¤¸à¤¾à¤ˆà¤¹à¤°à¥‚ à¤¹à¤¾à¤®à¥à¤°à¥‹ à¤¸à¤‚à¤¸à¥à¤•à¥ƒà¤¤à¤¿ à¤ªà¤°à¤¿à¤µà¤°à¥à¤¤à¤¨ à¤—à¤°à¥à¤¨ à¤šà¤¾à¤¹à¤¨à¥à¤›à¤¨à¥à¥¤,nep,TRUE,,,1,,,1,,1,,,,
"à¤®à¤¹à¤¿à¤²à¤¾à¤¹à¤°à¥‚ à¤®à¤¾à¤¤à¥à¤° à¤˜à¤°à¤®à¥à¤¨à¤¿ à¤¬à¤¸à¥à¤›à¤¨à¥, à¤‰à¤¨à¥€à¤¹à¤°à¥‚ à¤¨à¥‡à¤¤à¥ƒà¤¤à¥à¤µà¤•à¤¾ à¤²à¤¾à¤—à¤¿ à¤¯à¥‹à¤—à¥à¤¯ à¤›à¥ˆà¤¨à¤¨à¥à¥¤",nep,TRUE,1,,,,,,,1,1,,,
à¤¸à¤®à¤²à¤¿à¤‚à¤—à¥€à¤¹à¤°à¥‚ à¤µà¤¿à¤•à¥ƒà¤¤ à¤µà¥à¤¯à¤µà¤¹à¤¾à¤° à¤«à¥ˆà¤²à¤¾à¤‰à¤à¤›à¤¨à¥à¥¤,nep,TRUE,1,,,,,1,1,1,,,,
à¤¬à¥à¤¦à¥à¤§à¤¿à¤œà¥€à¤µà¥€à¤¹à¤°à¥‚ à¤µà¥à¤¯à¤µà¤¹à¤¾à¤°à¤¿à¤• à¤•à¤¾à¤® à¤—à¤°à¥à¤¨ à¤¸à¤•à¥à¤¦à¥ˆà¤¨à¤¨à¥à¥¤,nep,TRUE,,,,,1,,,1,,,,
à¤šà¥€à¤¨à¥€à¤¹à¤°à¥‚à¤²à¥‡ à¤¸à¤¸à¥à¤¤à¥‹ à¤¸à¤¾à¤®à¤¾à¤¨ à¤—à¥à¤£à¤¸à¥à¤¤à¤°à¤¹à¥€à¤¨ à¤¬à¤¨à¤¾à¤‰à¤à¤›à¤¨à¥à¥¤,nep,TRUE,,,,1,,,,1,,,,
à¤µà¥ƒà¤¦à¥à¤§à¤¹à¤°à¥‚ à¤Ÿà¥‡à¤•à¥à¤¨à¥‹à¤²à¥‹à¤œà¥€ à¤¬à¥à¤à¥à¤¨ à¤¸à¤•à¥à¤¦à¥ˆà¤¨à¤¨à¥à¥¤,nep,TRUE,,,,,1,,,1,,,,
à¤§à¤°à¥à¤®à¤•à¥‹ à¤¨à¤¾à¤®à¤®à¤¾ à¤˜à¥ƒà¤£à¤¾ à¤«à¥ˆà¤²à¤¾à¤‰à¤¨à¥‡ à¤•à¤¾à¤® à¤¬à¤¨à¥à¤¦ à¤¹à¥à¤¨à¥à¤ªà¤°à¥à¤›à¥¤,nep,TRUE,,,1,,,1,,,,,,
à¤…à¤²à¥à¤ªà¤¸à¤‚à¤–à¥à¤¯à¤• à¤¸à¤®à¥à¤¦à¤¾à¤¯à¤®à¤¾à¤¥à¤¿ à¤˜à¥ƒà¤£à¤¾à¤¤à¥à¤®à¤• à¤Ÿà¤¿à¤ªà¥à¤ªà¤£à¥€ à¤¬à¤¢à¥à¤¦à¥ˆ à¤›à¤¨à¥à¥¤,nep,TRUE,,,,1,,1,,1,,,,
à¤¨à¤—à¤°à¤ªà¤¾à¤²à¤¿à¤•à¤¾à¤²à¥‡ à¤¨à¤¯à¤¾à¤ à¤µà¤¿à¤¦à¥à¤¯à¤¾à¤²à¤¯ à¤¨à¤¿à¤°à¥à¤®à¤¾à¤£ à¤—à¤°à¥â€à¤¯à¥‹à¥¤,nep,FALSE,,,,,,,,,,,,
à¤¯à¥à¤µà¤¾ à¤ªà¥à¤¸à¥à¤¤à¤¾à¤²à¥‡ à¤¸à¤®à¤¾à¤œ à¤¸à¥à¤§à¤¾à¤°à¥à¤¨à¥‡ à¤Šà¤°à¥à¤œà¤¾ à¤²à¥à¤¯à¤¾à¤‰à¤à¤›à¥¤,nep,FALSE,,,,,,,,,,,,
à¤¸à¤°à¤•à¤¾à¤°à¤•à¥‹ à¤¨à¤¯à¤¾à¤ à¤¯à¥‹à¤œà¤¨à¤¾ à¤¶à¤¿à¤•à¥à¤·à¤¾ à¤¸à¥à¤§à¤¾à¤°à¤•à¥‹ à¤²à¤¾à¤—à¤¿ à¤¹à¥‹à¥¤,nep,FALSE,,,,,,,,,,,,
à¤…à¤ªà¤¾à¤‚à¤— à¤µà¥à¤¯à¤•à¥à¤¤à¤¿à¤¹à¤°à¥‚à¤²à¤¾à¤ˆ à¤¸à¤¾à¤°à¥à¤µà¤œà¤¨à¤¿à¤• à¤ à¤¾à¤‰à¤à¤®à¤¾ à¤¸à¤¹à¤œà¥€à¤•à¤°à¤£ à¤—à¤°à¤¿à¤¨à¥à¤ªà¤°à¥à¤›à¥¤,nep,FALSE,,,,,,,,,,,,
à¤µà¤¿à¤¦à¥à¤¯à¤¾à¤²à¤¯à¤®à¤¾ à¤†à¤œ à¤µà¥ƒà¤•à¥à¤·à¤°à¥‹à¤ªà¤£ à¤•à¤¾à¤°à¥à¤¯à¤•à¥à¤°à¤® à¤­à¤¯à¥‹à¥¤,nep,FALSE,,,,,,,,,,,,
à¤¦à¥‡à¤¶à¤•à¥‹ à¤µà¤¿à¤•à¤¾à¤¸à¤®à¤¾ à¤¸à¤¬à¥ˆ à¤¨à¤¾à¤—à¤°à¤¿à¤•à¤•à¥‹ à¤­à¥‚à¤®à¤¿à¤•à¤¾ à¤¹à¥à¤¨à¥à¤›à¥¤,nep,FALSE,,,,,,,,,,,,
à¤¯à¥à¤µà¤¾à¤²à¥‡ à¤°à¥‹à¤œà¤—à¤¾à¤°à¥€à¤•à¥‹ à¤…à¤µà¤¸à¤° à¤–à¥‹à¤œà¥à¤¨ à¤µà¤¿à¤¦à¥‡à¤¶ à¤œà¤¾à¤¨à¥ à¤ªà¤°à¤¿à¤°à¤¹à¥‡à¤•à¥‹ à¤›à¥¤,nep,FALSE,,,,,,,,,,,,
à¤¯à¥‹ à¤µà¤°à¥à¤·à¤•à¥‹ à¤¬à¤¾à¤¢à¥€à¤²à¥‡ à¤¹à¤œà¤¾à¤°à¥Œà¤ à¤•à¤¿à¤¸à¤¾à¤¨ à¤ªà¥à¤°à¤­à¤¾à¤µà¤¿à¤¤ à¤­à¤à¥¤,nep,FALSE,,,,,,,,,,,,
à¤¸à¤µà¤¾à¤°à¥€ à¤¸à¤¾à¤§à¤¨à¤•à¥‹ à¤šà¤¾à¤ªà¤•à¤¾ à¤•à¤¾à¤°à¤£ à¤¬à¤¿à¤¹à¤¾à¤¨à¤•à¥‹ à¤¯à¤¾à¤¤à¥à¤°à¤¾ à¤•à¤·à¥à¤Ÿà¤•à¤° à¤¹à¥à¤¨à¥à¤›à¥¤,nep,FALSE,,,,,,,,,,,,
à¤•à¥ƒà¤·à¤¿à¤®à¤¾ à¤†à¤§à¥à¤¨à¤¿à¤•à¥€à¤•à¤°à¤£ à¤œà¤°à¥à¤°à¥€ à¤­à¤‡à¤¸à¤•à¥‡à¤•à¥‹ à¤›à¥¤,nep,FALSE,,,,,,,,,,,,
"ĞĞ½Ğ½Ğ° Ğ¡ĞµĞ¼ĞµĞ½Ğ¾Ğ²Ğ¸Ñ‡ Ğ¿Ğ¾ÑĞµÑ‚Ğ¸Ğ»Ğ° ÑÑŠĞµĞ·Ğ´ ĞºĞ¾Ğ¼Ğ¿Ğ°Ñ€Ñ‚Ğ¸Ğ¸. ĞšĞ¾Ğ¼Ğ¼ÑƒĞ½Ğ¸ÑÑ‚Ñ‹ Ğ¿Ğ¾Ğ½ÑĞ»Ğ¸, Ñ‡Ñ‚Ğ¾ 100 Ğ»ĞµÑ‚ Ğ¿Ğ¾ĞºĞ»Ğ¾Ğ½ÑĞ»Ğ¸ÑÑŒ Ğ½Ğµ Ñ‚Ğ¾Ğ¼Ñƒ Ğ±ÑÑÑ‚Ñƒ.",rus,TRUE,1,0,0,0,0,,,,,,,twitter_ru_13
"ĞºĞ¾Ğ¼Ğ¼ÑƒĞ½Ğ¸Ğ·Ğ¼ Ñ…ÑƒĞ¶Ğµ Ğ½Ğ°Ñ†Ğ¸Ğ·Ğ¼Ğ°, Ğ²ÑĞµ ĞºĞ¾Ğ¼Ğ¼ÑƒĞ½Ğ¸ÑÑ‚Ñ‹ Ñ…ÑƒĞ¶Ğµ Ğ³Ğ¸Ñ‚Ğ»ĞµÑ€Ğ°, Ğ° Ğ²Ñ‹, Ñ‚ÑƒĞ¿Ñ‹Ğµ Ğ»ĞµĞ²Ñ‹Ğµ, Ğ½Ğ¸Ñ‡Ğµ Ğ½Ğµ Ğ¿Ğ¾Ğ½Ğ¸Ğ¼Ğ°ĞµÑ‚Ğµ Ğ¿Ñ€Ğ¾ÑÑ‚Ğ¾",rus,TRUE,0,1,0,0,0,,,,,,,twitter_ru_14
ĞšĞ¾Ğ³Ğ´Ğ° Ñ„ĞµĞ¼Ğ¸Ğ½Ğ¸ÑÑ‚ĞºĞ¸ Ğ³Ğ¾Ğ²Ğ¾Ñ€ÑÑ‚ Ñ‡Ñ‚Ğ¾ Ğ¼ÑƒĞ¶Ñ‡Ğ¸Ğ½Ñ‹ Ğ½Ğ°ÑˆĞ¸ Ğ²Ñ€Ğ°Ğ³Ğ¸ Ğ¾Ğ½Ğ¸ Ğ¸Ğ¼ĞµÑÑ‚ Ğ² Ğ²Ğ¸Ğ´Ñƒ Ñ‡Ñ‚Ğ¾ Ğ¼ÑƒĞ¶Ñ‡Ğ¸Ğ½Ñ‹ ÑĞ´ĞµĞ»Ğ°Ğ»Ğ¸ Ğ´Ğ¾Ñ…ÑƒÑ Ğ² Ğ±Ğ¾Ñ€ÑŒĞ±Ğµ Ğ¿Ñ€Ğ¾Ñ‚Ğ¸Ğ² Ğ¶ĞµĞ½Ñ‰Ğ¸Ğ½ ĞºĞ°Ğº ĞºĞ»Ğ°ÑÑĞ° Ğ¿Ğ¾Ñ‚Ğ¾Ğ¼Ñƒ Ñ‡Ñ‚Ğ¾ Ğ¼Ñ‹ ÑƒĞ¶Ğµ Ğ´Ğ°Ğ²Ğ½Ğ¾ Ğ¸Ñ… Ğ²Ñ€Ğ°Ğ³Ğ¸Ğ½Ğ¸ ĞºĞ¾Ñ‚Ğ¾Ñ€Ñ‹Ñ… Ğ¾Ğ½Ğ¸ ÑƒĞ½Ğ¸Ñ‡Ñ‚Ğ¾Ğ¶Ğ°ÑÑ‚ ĞºĞ°Ğ¶Ğ´Ñ‹Ğ¹ Ğ´ĞµĞ½ÑŒ Ğ¸ ĞºĞ°Ğ¶Ğ´Ñ‹Ğ¹ Ñ‡Ğ°Ñ Ğ¸ ĞŸĞ Ğ˜ Ğ­Ğ¢ĞĞœ Ğ¼ÑƒĞ¶Ñ‡Ğ¸Ğ½Ñ‹ Ğ´Ğ¾ ÑĞ¸Ñ… Ğ¿Ğ¾Ñ€ Ğ½Ğµ Ğ²Ñ€Ğ°Ğ³Ğ¸ Ğ´Ğ»Ñ Ğ¼Ğ½Ğ¾Ğ³Ğ¸Ñ… Ğ¸Ğ· Ğ½Ğ°Ñ (Ğº ÑĞ¾Ğ¶Ğ°Ğ»ĞµĞ½Ğ¸Ñ),rus,TRUE,1,0,0,0,0,,,,,,,twitter_ru_15
"Ğ¯ ÑÑ‡Ğ¸Ñ‚Ğ°Ñ, Ñ‡Ñ‚Ğ¾ Ğ¼ĞµÑÑ‚Ğ¾ Ğ¶ĞµĞ½Ñ‰Ğ¸Ğ½Ñ‹ Ğ½Ğ° ĞºÑƒĞ½Ğ¸",rus,TRUE,1,0,0,0,0,,,,,,,twitter_ru_18
"ĞœÑƒĞ¶Ñ‡Ğ¸Ğ½Ğ°, ĞµÑĞ»Ğ¸ Ğº 35 Ğ³Ğ¾Ğ´Ğ°Ğ¼ Ğ½Ğ¸Ñ‡ĞµĞ³Ğ¾ Ğ½Ğµ Ğ´Ğ¾Ğ±Ğ¸Ğ»ÑÑ â€” Ğ½Ğ¸Ñ‡ĞµĞ³Ğ¾ ÑÑ‚Ñ€Ğ°ÑˆĞ½Ğ¾Ğ³Ğ¾. ĞœĞ¾Ğ¶Ğ½Ğ¾ Ğ·Ğ°Ğ¿Ğ¸ÑĞ°Ñ‚ÑŒÑÑ Ğ² ĞºĞ°Ñ‡Ğ°Ğ»ĞºÑƒ, Ğ²Ñ‹ÑƒÑ‡Ğ¸Ñ‚ÑŒ JavaScript, Ğ²Ñ‹Ğ±Ğ¸Ñ‚ÑŒÑÑ Ğ² Ğ»ÑĞ´Ğ¸ Ğ¸ Ğ·Ğ°Ğ²ĞµÑÑ‚Ğ¸ ÑĞµĞ¼ÑŒÑ. Ğ•ÑĞ»Ğ¸ Ğ¶ĞµĞ½Ñ‰Ğ¸Ğ½Ğ° Ğ¿Ñ€Ğ¾ÑÑ€Ğ°Ğ»Ğ° ÑĞ²Ğ¾Ñ Ğ¶Ğ¸Ğ·Ğ½ÑŒ Ğº 35, Ñ‚Ğ¾ Ñ€Ğ°Ğ´Ğ¸ĞºĞ°Ğ»ÑŒĞ½Ğ¾ Ñ‡Ñ‚Ğ¾-Ñ‚Ğ¾ Ğ¿Ğ¾Ğ¼ĞµĞ½ÑÑ‚ÑŒ Ğ¿Ğ¾Ñ‡Ñ‚Ğ¸ Ğ½ĞµĞ²Ğ¾Ğ·Ğ¼Ğ¾Ğ¶Ğ½Ğ¾. ĞĞ°Ğ²ĞµÑ€Ğ½Ğ¾Ğµ, Ğ¿Ğ¾ÑÑ‚Ğ¾Ğ¼Ñƒ Ğ¸ÑƒĞ´ĞµĞ¸ Ğ² ÑĞ²Ğ¾Ğ¸Ñ… Ğ¼Ğ¾Ğ»Ğ¸Ñ‚Ğ²Ğ°Ñ… Ğ³Ğ¾Ğ²Ğ¾Ñ€ÑÑ‚: ""Ğ‘Ğ»Ğ°Ğ³Ğ¾ÑĞ»Ğ¾Ğ²ĞµĞ½ Ğ“Ğ¾ÑĞ¿Ğ¾Ğ´ÑŒ Ğ·Ğ° Ñ‚Ğ¾, Ñ‡Ñ‚Ğ¾ Ğ½Ğµ ÑĞ¾Ğ·Ğ´Ğ°Ğ» Ğ¼ĞµĞ½Ñ Ğ¶ĞµĞ½Ñ‰Ğ¸Ğ½Ğ¾Ğ¹.""",rus,TRUE,1,0,1,0,0,,,,,,,twitter_ru_19
"Ğ—Ğ½Ğ°ĞµÑ‚Ğµ Ğ¿Ğ¾Ñ‡ĞµĞ¼Ñƒ Ğ¸Ğ·Ñ€Ğ°Ğ¸Ğ»ÑŒÑ‚ÑĞ½Ğµ Ñ‚Ğ°ĞºĞ¸Ğµ ĞºÑ€Ğ¾Ğ²Ğ¾Ğ¶Ğ°Ğ´Ğ½Ñ‹Ğµ? ĞŸĞ¾Ñ‚Ğ¾Ğ¼Ñƒ Ñ‡Ñ‚Ğ¾ Ğ¾Ğ½Ğ¸ Ğ¸ÑƒĞ´ĞµĞ¸. Ğ˜Ñ… Ğ“Ğ¾ÑĞ¿Ğ¾Ğ´ÑŒ Ğ½Ğµ ÑƒÑ‡Ğ¸Ğ» Ğ¿Ñ€Ğ¾Ñ‰Ğ°Ñ‚ÑŒ. Ğ Ñ‚Ğ¾Ğ»ÑŒĞºĞ¾ Ğ¾ĞºĞ¾ Ğ·Ğ° Ğ¾ĞºĞ¾ Ğ¸ Ğ·ÑƒĞ± Ğ·Ğ° Ğ·ÑƒĞ±. Ğ Ğ¾Ğ½Ğ¸ Ñ…Ğ¾Ñ€Ğ¾ÑˆĞ¸Ğµ ÑƒÑ‡ĞµĞ½Ğ¸ĞºĞ¸ Ğ¸ ĞºÑ€Ğ°Ñ‚Ğ½Ğ¾ Ğ¸ÑĞ¿Ğ¾Ğ»Ğ½ÑÑÑ‚ Ğ²Ğ¾Ğ»Ñ ÑĞ²Ğ¾ĞµĞ³Ğ¾ Ğ“Ğ¾ÑĞ¿Ğ¾Ğ´Ğ°. Ğ Ñ…Ñ€Ğ¸ÑÑ‚Ğ¸Ğ°Ğ½Ğµ Ğ¿Ñ€Ğ°Ğ²Ğ¾ÑĞ»Ğ°Ğ²Ğ½Ñ‹Ğµ Ğ¾Ğ½Ğ¸ Ğ´Ñ€ÑƒĞ³Ğ¸Ğµ. ĞœÑ‹ Ğ²Ğ¾Ğ½ Ñ…Ñ…Ñ…Ğ»Ğ¾Ğ² ĞºĞ°Ñ€Ğ°ĞµĞ¼, Ğ¸ Ğ¿Ñ€Ğ¸ ÑÑ‚Ğ¾Ğ¼ Ğ¶Ğ°Ğ»ĞµĞµĞ¼ ĞºĞ°Ğº Ğ´ÑƒÑ€Ğ½Ñ‹Ñ….",rus,TRUE,0,0,1,1,0,,,,,,,twitter_ru_20
"Ñ‚.Ğµ. ĞµÑÑ‚ÑŒ Ğ¸Ğ·Ğ±Ñ‹Ñ‚Ğ¾Ğº ÑĞ»ĞµĞºÑ‚Ñ€Ğ¾ÑĞ½ĞµÑ€Ğ³Ğ¸Ğ¸ Ğ² 21%, Ğ½Ğ¾ Ñ†ĞµĞ½Ñ‹ Ğ´Ğ»Ñ Ğ½Ğ°ÑĞµĞ»ĞµĞ½Ğ¸Ñ , ĞºĞ°Ğ¿Ğ¸Ñ‚Ğ°Ğ»ÑĞ³Ğ¸ Ğ½Ğµ ÑĞ½Ğ¸Ğ¶Ğ°ÑÑ‚, Ğ° Ñ‚Ğ¾Ğ»ÑŒĞºĞ¾ Ğ¿Ğ¾Ğ²Ñ‹ÑˆĞ°ÑÑ‚. Ğ³Ğ´Ğµ Ğ¶Ğµ Ñ‚Ğ° Ñ€ÑƒĞºĞ° Ñ€Ñ‹Ğ½ĞºĞ° Ğ¸Ğ»Ğ¸ ĞºĞ°Ğº ĞµÑ‰Ñ‘ Ğ³Ğ¾Ğ²Ğ¾Ñ€ÑÑ‚ Ğ¾Ğ±Ñ‰ĞµÑÑ‚Ğ²ĞµĞ½Ğ½Ñ‹Ğ¹ Ğ´Ğ¾Ğ³Ğ¾Ğ²Ğ¾Ñ€, ĞºĞ¾Ñ‚Ğ¾Ñ€Ñ‹Ğ¹ Ğ´Ğ¾Ğ»Ğ¶ĞµĞ½ ÑĞ½Ğ¸Ğ·Ğ¸Ñ‚ÑŒ Ñ†ĞµĞ½Ñ‹ Ğ¿Ñ€Ğ¸ Ğ¸Ğ·Ğ±Ñ‹Ñ‚ĞºĞµ? ĞŸÑ€Ğ¸ ÑĞ¾Ñ†Ğ¸Ğ°Ğ»Ğ¸Ğ·Ğ¼Ğµ Ñ‚Ğ°ĞºĞ¾Ğ¹ Ñ…ĞµÑ€Ğ½Ğ¸ Ğ½Ğµ Ğ±Ñ‹Ğ»Ğ¾ Ğ° Ğ² Ğ±ÑƒĞ´ÑƒÑ‰ĞµĞ¼, Ñ‚Ğ°Ğº Ğ¿Ğ¾Ğ´Ğ°Ğ²Ğ½Ğ¾",rus,TRUE,0,1,0,0,1,,,,,,,twitter_ru_24
"ĞšĞ°Ğº Ğ¶Ğµ Ğ¼ĞµĞ½Ñ Ğ´Ğ¾ÑÑ‚Ğ°Ğ»Ğ¸ Ğ½Ğ¾ÑÑ‰Ğ¸Ğµ Ğ°Ğ¹Ñ‚Ğ¸ÑˆĞ½Ğ¸ĞºĞ¸, Ğ¼Ğ¾Ğ» Ñƒ Ğ½Ğ¸Ñ… 6 Ñ‡Ğ°ÑĞ¾Ğ² Ğ¿Ğ¾Ğ´Ñ€ÑĞ´ Ğ¼Ğ¾Ğ·Ğ³ Ğ½ĞµĞ¿Ñ€ĞµÑ€Ñ‹Ğ²Ğ½Ğ¾ Ñ€Ğ°Ğ±Ğ¾Ñ‚Ğ°ĞµÑ‚.

Ğ”Ğ°Ğ²Ğ°Ğ¹Ñ‚Ğµ Ğ¾Ñ‚ĞºÑ€Ğ¾ĞµĞ¼ Ğ°Ğ¹Ñ‚Ğ¸ÑˆĞ½Ğ¸ĞºĞ°Ğ¼ ÑĞµĞºÑ€ĞµÑ‚, Ñ‡Ñ‚Ğ¾ Ğ’Ğ¡Ğ•, Ğ‘Ğ›Ğ¯Ğ¢Ğ¬, ĞĞ Ğ ĞĞ‘ĞĞ¢Ğ• Ğ”Ğ£ĞœĞĞ®Ğ¢???

Ğ’Ğ¾Ğ´Ğ¸Ñ‚ĞµĞ»Ğ¸ Ğ°Ğ²Ñ‚Ğ¾Ğ±ÑƒÑĞ° Ğ½ĞµĞ¿Ñ€ĞµÑ€Ñ‹Ğ²Ğ½Ğ¾ Ğ´ÑƒĞ¼Ğ°ÑÑ‚ Ğ¸ ÑĞ»ĞµĞ´ÑÑ‚ Ğ·Ğ° ĞºĞ¾Ğ½Ñ†ĞµĞ½Ñ‚Ñ€Ğ°Ñ†Ğ¸ĞµĞ¹, Ğ²Ñ€Ğ°Ñ‡Ğ¸ Ğ´ÑƒĞ¼Ğ°ÑÑ‚, Ñ…Ğ¸Ğ¼Ğ¸ĞºĞ¸ Ğ´ÑƒĞ¼Ğ°ÑÑ‚, Ğ´Ğ¸Ğ·Ğ°Ğ¹Ğ½ĞµÑ€Ñ‹ Ğ´ÑƒĞ¼Ğ°ÑÑ‚! Ğ’Ğ¡Ğ•!",rus,TRUE,0,0,0,0,1,,,,,,,twitter_ru_25
"Ğ—Ğ²ÑƒÑ‡Ğ¸Ñ‚ Ğ¶ĞµÑÑ‚Ğ¾ĞºĞ¾, Ğ½Ğ¾ Ğ±ÑƒĞ´ÑƒÑ‰ĞµĞµ Ğ·Ğ° Ğ½ĞµĞ¹Ñ€Ğ¾Ğ½ĞºĞ°Ğ¼Ğ¸: Ñ‡ĞµĞ»Ğ¾Ğ²ĞµĞº â€” ĞºĞ°Ğ¿Ñ€Ğ¸Ğ·Ğ½Ğ¾Ğµ ÑĞ¾Ğ·Ğ´Ğ°Ğ½Ğ¸Ğµ, ĞºĞ¾Ñ‚Ğ¾Ñ€Ğ¾Ğµ Ğ²Ñ‹Ñ‘Ğ¶Ğ¸Ğ²Ğ°ĞµÑ‚ÑÑ, Ğ° Ğ½ĞµĞ¹Ñ€Ğ¾Ğ½ĞºĞ° Ğ±ÑƒĞ´ĞµÑ‚ Ñ€Ğ°Ğ±Ğ¾Ñ‚Ğ°Ñ‚ÑŒ Ğ±ĞµĞ· ÑƒÑÑ‚Ğ°Ğ»Ğ¸ Ğ¸ Ğ½Ğµ Ñ‚Ñ€ĞµĞ±ÑƒĞµÑ‚ ĞµĞ´Ñ‹.",rus,TRUE,0,0,0,0,1,,,,,,,twitter_ru_26
"Ğ’ Ğ Ğ¾ÑÑĞ¸Ğ¸ Ğ½ÑƒĞ¶Ğ½Ğ¾ Ğ¿Ñ€ĞµÑĞµĞºĞ°Ñ‚ÑŒ Ğ½ĞµĞ·Ğ°ĞºĞ¾Ğ½Ğ½Ğ¾Ğµ Ğ¸ÑĞ¿Ğ¾Ğ»ÑŒĞ·Ğ¾Ğ²Ğ°Ğ½Ğ¸Ğµ Ğ½ĞµĞ¹Ñ€Ğ¾Ğ¸Ğ½Ñ‚ĞµÑ€Ñ„ĞµĞ¹ÑĞ¾Ğ² Ğ¸ Ñ‚ĞµÑ…Ğ½Ğ¾Ğ»Ğ¾Ğ³Ğ¸Ğ¹ Ğ½ĞµĞ¹Ñ€Ğ¾Ğ¸Ğ½Ñ„Ğ¾Ñ€Ğ¼Ğ°Ñ‚Ğ¸ĞºĞ¸. ĞĞ½Ğ¸ Ğ¸ÑĞ¿Ğ¾Ğ»ÑŒĞ·ÑƒÑÑ‚ÑÑ Ğ´Ğ»Ñ Ñ‚Ğ°Ğ¹Ğ½Ğ¾Ğ¹ ÑĞ»ĞµĞ¶ĞºĞ¸, Ğ²Ğ¸Ğ·ÑƒĞ°Ğ»Ğ¸Ğ·Ğ°Ñ†Ğ¸Ğ¸ Ğ¿Ğ°Ğ¼ÑÑ‚Ğ¸, Ğ¿ĞµÑ€ĞµÑ…Ğ²Ğ°Ñ‚Ğ° Ğ²Ğ¾Ğ»Ğ¸ Ğ»ÑĞ´ĞµĞ¹. Ğš ÑĞ¾Ğ¶Ğ°Ğ»ĞµĞ½Ğ¸Ñ, #Ğ¤Ğ¡Ğ‘ Ğ½ĞµĞ´Ğ¾ÑÑ‚Ğ°Ñ‚Ğ¾Ñ‡Ğ½Ğ¾ Ğ±Ğ¾Ñ€ĞµÑ‚ÑÑ Ñ ÑÑ‚Ğ¸Ğ¼Ğ¸ Ğ¿Ñ€ĞµÑÑ‚ÑƒĞ¿Ğ½Ñ‹Ğ¼Ğ¸ Ğ¿Ñ€Ğ¾ÑĞ²Ğ»ĞµĞ½Ğ¸ÑĞ¼Ğ¸",rus,TRUE,0,1,0,0,1,,,,,,,twitter_ru_28
"ĞœĞ¸Ğ³Ñ€Ğ°Ğ½Ñ‚Ñ‹, ĞºĞ¾Ñ‚Ğ¾Ñ€Ñ‹Ğ¼ Ğ¿Ğ¾Ğ²ĞµĞ·Ğ»Ğ¾ Ğ¾ĞºĞ°Ğ·Ğ°Ñ‚ÑŒÑÑ Ğ² Ğ˜Ñ‚Ğ°Ğ»Ğ¸Ğ¸, Ñ Ğ²Ğ¾ÑÑ‚Ğ¾Ñ€Ğ³Ğ¾Ğ¼ Ğ¿ĞµÑ€ĞµĞ½Ğ¸Ğ¼Ğ°ÑÑ‚ Ğ¼ĞµÑÑ‚Ğ½ÑƒÑ ĞºÑƒĞ»ÑŒÑ‚ÑƒÑ€Ñƒ, Ğ¾Ğ±Ñ‹Ñ‡Ğ°Ğ¸ Ğ¸ Ğ¿Ğ¾ Ğ´Ğ¾ÑÑ‚Ğ¾Ğ¸Ğ½ÑÑ‚Ğ²Ñƒ Ğ¾Ñ†ĞµĞ½Ğ¸Ğ»Ğ¸ Ğ·Ğ½Ğ°Ğ¼ĞµĞ½Ğ¸Ñ‚ÑƒÑ Ğ¸Ñ‚Ğ°Ğ»ÑŒÑĞ½ÑĞºÑƒÑ ĞºÑƒÑ…Ğ½Ñ.",rus,FALSE,,,,,,,,,,,,twitter_ru_2
"Ğ–Ğ¸Ñ‚ĞµĞ»Ğ¸ Ğ·Ğ°ĞºÑ€Ñ‹Ñ‚Ğ¾Ğ³Ğ¾ Ğ¤Ğ¾ĞºĞ¸Ğ½Ğ¾ Ğ±ÑŒÑÑ‚ Ñ‚Ñ€ĞµĞ²Ğ¾Ğ³Ñƒ. Ğ¡Ñ‚Ñ€Ğ°Ñ‚ĞµĞ³Ğ¸Ñ‡ĞµÑĞºĞ¸ Ğ²Ğ°Ğ¶Ğ½Ñ‹Ğ¹ Ğ³Ğ¾Ñ€Ğ¾Ğ´ Ğ½Ğ° Ğ±ĞµÑ€ĞµĞ³Ñƒ Ğ¯Ğ¿Ğ¾Ğ½ÑĞºĞ¾Ğ³Ğ¾ Ğ¼Ğ¾Ñ€Ñ Ñ ÑĞµĞºÑ€ĞµÑ‚Ğ½Ğ¾Ğ¹ Ğ±Ğ°Ğ·Ğ¾Ğ¹ Ğ’ĞœĞ¤ Ğ·Ğ°Ğ¿Ğ¾Ğ»Ğ¾Ğ½Ğ¸Ğ»Ğ¸ Ğ¼Ğ¸Ğ³Ñ€Ğ°Ğ½Ñ‚Ñ‹ Ğ¸Ğ· Ğ¡Ñ€ĞµĞ´Ğ½ĞµĞ¹ ĞĞ·Ğ¸Ğ¸. Ğ“Ğ¾Ñ€Ğ¾Ğ´ ÑĞµĞ¼ĞµĞ¹ Ğ¾Ñ„Ğ¸Ñ†ĞµÑ€Ğ¾Ğ² Ğ² ĞºĞ¾Ñ‚Ğ¾Ñ€Ñ‹Ğ¹ Ğ¿Ğ¾Ğ¿Ğ°ÑÑ‚ÑŒ Ğ±ĞµĞ· Ğ¿Ñ€Ğ¾Ğ¿ÑƒÑĞºĞ° Ğ±Ñ‹Ğ»Ğ¾ Ğ½ĞµĞ²Ğ¾Ğ·Ğ¼Ğ¾Ğ¶Ğ½Ğ¾, Ñ‚ĞµĞ¿ĞµÑ€ÑŒ ĞºĞ¸ÑˆĞ¸Ñ‚ Ğ¸Ğ½Ğ¾ÑÑ‚Ñ€Ğ°Ğ½Ñ†Ğ°Ğ¼Ğ¸, Ñ…Ğ¾Ğ´ÑÑ‚ Ñ‚Ğ¾Ğ»Ğ¿Ğ°Ğ¼Ğ¸, Ğ¿Ğ¾-Ñ€ÑƒÑÑĞºĞ¸ Ğ½Ğµ Ğ³Ğ¾Ğ²Ğ¾Ñ€ÑÑ‚",rus,FALSE,,,,,,,,,,,,twitter_ru_3
ĞœĞ¸Ğ³Ñ€Ğ°Ğ½Ñ‚Ñ‹ Ğ±Ñ€Ğ¾ÑĞ¸Ğ»Ğ¸ ĞºĞ¾ĞºÑ‚ĞµĞ¹Ğ»ÑŒ ĞœĞ¾Ğ»Ğ¾Ñ‚Ğ¾Ğ²Ğ° Ğ² Ğ¿Ğ¾Ğ³Ñ€Ğ°Ğ½Ğ¸Ñ‡Ğ½Ğ¸ĞºĞ¾Ğ² Ğ½Ğ° Ğ¿Ğ¾Ğ»ÑŒÑĞºĞ¾-Ğ±ĞµĞ»Ğ¾Ñ€ÑƒÑÑĞºĞ¾Ğ¹ Ğ³Ñ€Ğ°Ğ½Ğ¸Ñ†Ğµ. Ğ­Ñ‚Ğ¾ Ğ¿Ğ¾Ñ‡ĞµĞ¼Ñƒ-Ñ‚Ğ¾ Ğ½Ğµ ÑƒĞ±ĞµĞ´Ğ¸Ğ»Ğ¾ ÑĞ¾Ğ»Ğ´Ğ°Ñ‚ Ğ¿Ñ€Ğ¾Ğ¿ÑƒÑÑ‚Ğ¸Ñ‚ÑŒ Ğ¸Ñ… Ğ½Ğ° Ñ‚ĞµÑ€Ñ€Ğ¸Ñ‚Ğ¾Ñ€Ğ¸Ñ ÑÑ‚Ñ€Ğ°Ğ½Ñ‹,rus,FALSE,,,,,,,,,,,,twitter_ru_5
ĞšĞ°Ğº Ğ¶Ğµ Ğ»ÑĞ±Ğ¸Ğ» ÑÑ‚Ñƒ Ğ¿ĞµÑ€ĞµĞ´Ğ°Ñ‡Ñƒ. ĞšĞ°Ğº ĞµÑ‘ Ñ‚Ğ°Ğ¼? ĞÑ…ÑƒĞµĞ²ÑˆĞ¸Ğµ Ñ‡ÑƒÑ€ĞºĞ¸.,rus,FALSE,,,,,,,,,,,,twitter_ru_6
"ĞÑ‚ĞºÑ€Ñ‹Ğ» Ğ´Ğ¾Ğ¼Ğ¾Ğ²Ğ¾Ğ¹ Ñ‡Ğ°Ñ‚, Ğ° Ñ‚Ğ°Ğ¼ Ğ²Ğ°Ñ‚Ğ½Ğ¸ĞºĞ¸ Ğ²ÑĞµÑ€ÑŒÑ‘Ğ· Ñ€Ğ°ÑÑÑ‡Ğ¸Ñ‚Ñ‹Ğ²Ğ°ÑÑ‚, Ñ‡Ñ‚Ğ¾ Ğ¿ÑƒÑ‚Ğ¸Ğ½ Ğ½Ğµ Ğ´Ğ¾Ğ¿ÑƒÑÑ‚Ğ¸Ñ‚ Ğ¿Ğ¾Ğ²Ñ‹ÑˆĞµĞ½Ğ¸Ñ Ñ‚Ğ°Ñ€Ğ¸Ñ„Ğ¾Ğ² Ğ–ĞšĞ¥. Ğ—Ğ°ĞºÑ€Ñ‹Ğ» Ğ´Ğ¾Ğ¼Ğ¾Ğ²Ğ¾Ğ¹ Ñ‡Ğ°Ñ‚. Ğ”Ğ¾Ğ±Ñ€Ğ¾Ğµ ÑƒÑ‚Ñ€Ğ¾!",rus,FALSE,,,,,,,,,,,,twitter_ru_9
"ĞÑĞ½Ğ¾Ğ²Ğ½Ğ°Ñ ĞºĞ½Ğ¸Ğ³Ğ° ĞšĞ°Ñ€Ğ»Ğ° ĞœĞ°Ñ€ĞºÑĞ° - ""ĞšĞ°Ğ¿Ğ¸Ñ‚Ğ°Ğ»"". Ğ˜ Ğ¿Ğ¾ÑĞ»Ğµ ÑÑ‚Ğ¾Ğ³Ğ¾ ĞºĞ¾Ğ¼Ğ¼ÑƒĞ½Ğ¸ÑÑ‚Ñ‹ ĞºÑ€Ğ¸Ñ‡Ğ°Ñ‚ - ""Ğ¼Ñ‹ Ğ¿Ñ€Ğ¾Ñ‚Ğ¸Ğ² ĞºĞ°Ğ¿Ğ¸Ñ‚Ğ°Ğ»Ğ¸ÑÑ‚Ğ¾Ğ²""?",rus,FALSE,,,,,,,,,,,,twitter_ru_12
"Ğ¤ĞµĞ¼Ğ¸Ğ½Ğ¸ÑÑ‚ĞºĞ¸ Ğ±ÑƒĞ´ÑƒÑ‚ Ğ²Ğ¾Ğ¾Ğ±Ñ‰Ğµ Ğ² ÑˆĞ¾ĞºĞµ ÑƒĞ·Ğ½Ğ°Ğ², Ñ‡Ñ‚Ğ¾ Ğ¸ Ğ½Ğ° Ğ¼Ğ°Ñ€ĞºĞµÑ‚Ğ¿Ğ»ĞµĞ¹ÑĞ°Ñ… Ğ·Ğ° Ñ„Ğ¾Ñ‚Ğ¾Ğ³Ñ€Ğ°Ñ„Ğ¸Ğ¸ Ğ³Ğ´Ğµ Ğ¼ĞµĞ¶Ğ´Ñƒ ÑĞ³Ğ¾Ğ´Ğ¸Ñ† Ğ²ÑÑ‚Ğ°Ğ²Ğ»ÑÑÑ‚ Ğ½ĞµĞ¾Ğ¶Ğ¸Ğ´Ğ°Ğ½Ğ½Ñ‹Ğ¹ Ñ‚Ğ¾Ğ²Ğ°Ñ€ â€” Ğ¾Ñ‚Ğ²ĞµÑ‡Ğ°Ğ»Ğ¸ Ğ¶ĞµĞ½Ñ‰Ğ¸Ğ½Ñ‹.",rus,FALSE,,,,,,,,,,,,twitter_ru_16
"ĞšÑ€Ğ°ÑĞ¾Ñ‚Ğ° Ğ–ĞµĞ½Ñ‰Ğ¸Ğ½Ñ‹ Ğ´Ğ¾Ğ»Ğ¶Ğ½Ğ° Ğ±Ñ‹Ñ‚ÑŒ Ğ²Ğ¸Ğ´Ğ½Ğ° Ğ² ĞµÑ‘ Ğ³Ğ»Ğ°Ğ·Ğ°Ñ…... Ğ­Ñ‚Ğ¾ Ğ´Ğ²ĞµÑ€ÑŒ Ğ² ĞµÑ‘ ÑĞµÑ€Ğ´Ñ†Ğµ, Ğ² Ñ‚Ğ¾ Ğ¼ĞµÑÑ‚Ğ¾, Ğ³Ğ´Ğµ Ğ¶Ğ¸Ğ²Ñ‘Ñ‚ ĞµÑ‘ Ğ»ÑĞ±Ğ¾Ğ²ÑŒ... Ğ˜Ğ½Ğ¾Ğ³Ğ´Ğ°, Ğ¿Ğ¾ÑĞ¼Ğ¾Ñ‚Ñ€ĞµĞ² Ğ² Ğ³Ğ»Ğ°Ğ·Ğ° Ñ‡ĞµĞ»Ğ¾Ğ²ĞµĞºĞ°.... Ğ¡Ğ›ĞĞ’Ğ ÑƒĞ¶Ğµ Ğ½Ğµ Ğ¸Ğ¼ĞµÑÑ‚ Ğ·Ğ½Ğ°Ñ‡ĞµĞ½Ğ¸Ñ....",rus,FALSE,,,,,,,,,,,,twitter_ru_17
"Ğ”Ğ°Ğ²Ğ¸Ğ´ Ğ¸ Ğ“Ğ¾Ğ»Ğ¸Ğ°Ñ„â€¦ Ğ’ÑĞµ Ğ·Ğ½Ğ°ÑÑ‚ Ğ¸ÑÑ‚Ğ¾Ñ€Ğ¸Ñ Ğ¾ Ñ‚Ğ¾Ğ¼, ĞºĞ°Ğº Ğ¼Ğ¾Ğ»Ğ¾Ğ´Ğ¾Ğ¹ Ğ”Ğ°Ğ²Ğ¸Ğ´, Ğ±ÑƒĞ´ÑƒÑ‰Ğ¸Ğ¹ Ñ†Ğ°Ñ€ÑŒ Ğ˜ÑƒĞ´ĞµĞ¸ Ğ¸ Ğ˜Ğ·Ñ€Ğ°Ğ¸Ğ»Ñ Ğ¿Ğ¾Ğ±ĞµĞ¶Ğ´Ğ°ĞµÑ‚ Ğ¾Ğ³Ñ€Ğ¾Ğ¼Ğ½Ğ¾Ğ³Ğ¾ Ñ„Ğ¸Ğ»Ğ¸ÑÑ‚Ğ¸Ğ¼Ğ»ÑĞ½ÑĞºĞ¾Ğ³Ğ¾ Ğ²Ğ¾Ğ¸Ğ½Ğ° Ğ“Ğ¾Ğ»Ğ¸Ğ°Ñ„Ğ°, Ğ¿Ğ¾Ñ‚Ğ¾Ğ¼ĞºĞ° Ğ²ĞµĞ»Ğ¸ĞºĞ°Ğ½Ğ¾Ğ²-Ñ€ĞµÑ„Ğ°Ğ¸Ğ¼Ğ¾Ğ². Ğ¡Ñ‚Ğ°Ñ€Ñ‹Ğ¹ Ğ˜Ñ€Ğ°Ğ½, Ğ² 75 Ñ€Ğ°Ğ· Ğ¿Ñ€ĞµĞ²Ñ‹ÑˆĞ°ÑÑ‰Ğ¸Ğ¹ Ğ˜Ğ·Ñ€Ğ°Ğ¸Ğ»ÑŒ Ğ¿Ğ¾ Ğ¿Ğ»Ğ¾Ñ‰Ğ°Ğ´Ğ¸ Ğ¸ Ğ² 10 Ñ€Ğ°Ğ· Ğ¿Ğ¾ Ğ½Ğ°ÑĞµĞ»ĞµĞ½Ğ¸Ñ, Ğ½Ğµ ÑƒÑÑ‚Ğ¾ÑĞ» Ğ¿ĞµÑ€ĞµĞ´ Ğ¼Ğ¾Ğ»Ğ¾Ğ´Ñ‹Ğ¼ Ğ²Ğ¾Ğ¸Ğ½Ğ¾Ğ¼.",rus,FALSE,,,,,,,,,,,,twitter_ru_21
ĞœĞ¸Ğ½Ñ‚Ñ€Ğ°Ğ½Ñ Ğ¸ Ğ¼Ğ¸Ğ½Ñ„Ğ¸Ğ½ ÑĞ¾Ğ³Ğ»Ğ°ÑĞ¾Ğ²Ğ°Ğ»Ğ¸ Ğ²Ğ»Ğ¾Ğ¶ĞµĞ½Ğ¸Ğµ Ğ¿Ğ¾Ğ»ÑƒĞ¼Ğ¸Ğ»Ğ»Ğ¸Ğ°Ñ€Ğ´Ğ° ÑˆĞµĞºĞµĞ»ĞµĞ¹ Ğ² Ğ´Ğ¾Ñ€Ğ¾Ğ³Ğ¸ Ğ˜ÑƒĞ´ĞµĞ¸ Ğ¸ Ğ¡Ğ°Ğ¼Ğ°Ñ€Ğ¸Ğ¸,rus,FALSE,,,,,,,,,,,,twitter_ru_22
"aypordios que llorera. martinez ares, feminista del ano ya.",spa,TRUE,1,1,0,0,0,1,0,0,0,1,0,spanish_556
"desde que me entere que ese termino ""toxico algo"" es una invencion evangelica ya no lo uso, cuidado que esconde discursos de odio",spa,TRUE,0,1,1,0,0,1,0,1,0,0,0,spanish_666
cualquier vago se hace pastor evangelico,spa,TRUE,0,0,1,0,1,1,0,1,0,0,0,spanish_622
la reina de la corrupcion!,spa,TRUE,0,1,0,0,1,1,0,0,1,0,0,spanish_1745
a vos? trolita evangelica,spa,TRUE,0,0,1,0,0,1,0,0,0,0,0,spanish_497
"argentino y judio, bastante castigo de dios tienes tu ya.",spa,TRUE,0,1,1,1,0,1,0,1,0,0,0,spanish_544
tan enfermo estas . indio,spa,TRUE,0,0,0,1,0,1,0,1,0,1,0,spanish_1932
judio zionista traidor de cristo sos el anticristo.,spa,TRUE,0,1,1,1,0,1,1,1,0,0,0,spanish_177
orgulloso de sacarle la conchetumare a un pastor evangelico por meterse en weas que no debia.,spa,TRUE,0,0,1,0,0,1,1,0,0,0,1,spanish_1138
la zorra al cuidado de las gallinas. pais de mierda.,spa,TRUE,1,1,0,0,1,1,1,1,0,0,1,spanish_195
guerra? que guerra? es una invasion,spa,FALSE,0,1,0,0,0,0,1,0,1,1,0,spanish_145
"fake, el personaje es de ascendencia judia",spa,FALSE,0,0,0,0,0,0,0,0,0,0,0,spanish_129
guerra mundial? solo hay paises en guerra no es mundial.,spa,FALSE,0,1,0,0,0,0,1,0,0,1,0,spanish_142
"cierto, porque tenian un presidente decente y el lobby judio era precisamente el perseguido.",spa,FALSE,0,0,1,0,0,0,0,1,0,0,0,spanish_588
normal si tu es un musulman,spa,FALSE,0,0,0,0,0,0,0,0,0,0,0,spanish_276
la escuela feminista de pintura,spa,FALSE,0,0,0,0,0,0,0,0,0,0,0,spanish_929
la cancion que me representa ahora que estoy deportado de los estados unidos.,spa,FALSE,0,0,0,0,0,0,0,0,0,0,0,spanish_920
"claudia es judia, que no manche",spa,FALSE,0,0,1,0,0,1,0,0,0,0,0,spanish_53
"cualquier guerra es ridicula.
cualquier guerra mundial es mundialmente ridicula.",spa,FALSE,0,1,0,0,0,0,0,1,0,0,0,spanish_61
alguien mas ha leido zorra con patatas?,spa,FALSE,0,0,0,0,1,0,1,0,0,1,0,spanish_524
"Bir kanal, Saray'daki gayr-Ä± meÅŸru iktidar daha iyi soygun yapabilsin diye karartÄ±ldÄ±. Hep daha fazla daha fazla soysunlar diye...",tur,TRUE,0,1,0,0,0,1,0,0,0,0,0,tr_tweet_15
"Domuz eti yiyince gavur diyorlar aÅŸaÄŸlÄ±yorlar. Ama UygurlarÄ±n hayatlarÄ±nÄ± pazarlÄ±k konusu edip Ã§Ä±kar elde edenlere bir bildiÄŸi vardÄ±r diyorlar. Domuz eti yiyen, iÃ§ki iÃ§enlerle uÄŸraÅŸmayÄ± bÄ±rakÄ±n. Yetim hakkÄ±, kul hakkÄ± yiyenlere bir kerecik odaklanÄ±n.",tur,TRUE,0,0,1,0,0,0,0,1,0,0,0,tr_tweet_9
Senin kanuni yetkini kullanarak yaptÄ±ÄŸÄ±n atamalara CumhurbaÅŸkanÄ± karÄ±ÅŸÄ±yor mu! Atama yapmadan Ã¶nce belediye personeline seÃ§im mi yaptÄ±rÄ±yorsun? Polislere saldÄ±ran militanlara tepki veremeyen Mansur YavaÅŸ'tan hadsiz aÃ§Ä±klama!,tur,TRUE,0,1,0,0,0,0,0,0,0,1,0,tr_tweet_8
Bizde erkekler olarak insaniz insan bizde kalmasi yÃ¶nÃ¼nde kararimiz olduÄŸu halde verilmeyen cocuklarimizi haciz ederek almanin acisini kimse bilemez bu #nafaka zulmune #cocukicrasi na #tazyikhapsi ne bi son verin artik lutfen sayin @RTErdogan #erkeklerdeinsan #bekliyoruz https://t.co/2fk0d6dyrC,tur,TRUE,1,0,0,0,0,0,0,0,0,1,0,tr_tweet_14
Eymir'de kesilen aÄŸaÃ§larÄ± belediye kesseydi zihniyeti bozuklarÄ±n hepsi ellerinde molotofla meydanlara Ã§Ä±kardÄ±.,tur,TRUE,0,0,0,0,1,1,0,1,0,0,0,tr_tweet_17
"TÃ¼rkiye, dÃ¼nyada pandemi sÃ¼recinde halkÄ±na en az yardÄ±m eden Ã¼lke ve halkÄ±na IBAN gÃ¶nderen 5 Ã¼lkeden birisi olmuÅŸ! YardÄ±mlarÄ±n %89'unu patronlara yaparken, sadece %11'ini fakir halka yapmÄ±ÅŸlar!Birisi bunlar iÃ§in, ""kimsesizlerin kimsesi, halkÄ±n adamÄ±"" falan mÄ± demiÅŸti..?",tur,TRUE,0,1,0,0,0,0,0,0,0,1,0,tr_tweet_38
Bende hep onu diyorum ama siz Ä°slama dinimize karÅŸÄ± yapÄ±lan yanlÄ±ÅŸa yanlÄ±ÅŸ diyemiyorsunuz reis yaptÄ±ysa vardÄ±r bir bildiÄŸi deyip konu kapatÄ±yorsunuz. Biz dÃ¼nyanÄ±n hakaretkerini iÅŸitiyoruz siz sesinizi dahil Ã§Ä±karmÄ±yorsunuz,tur,TRUE,0,0,1,0,0,0,0,0,0,1,0,tr_tweet_52
"Bilmiyorum cevap mÄ±, boÅŸ yere mi nefret ediyorsun, ilk defa homofobik bir ateist gÃ¶rÃ¼yorum, sen Allah'Ä±n olmadÄ±ÄŸÄ±nÄ± anladÄ±n ama lgbtqya ayrÄ±mcÄ±lÄ±k yapmanÄ±n yanlÄ±ÅŸ olduÄŸunu anlayamadÄ±n mÄ±? Sizin yÃ¼zÃ¼nÃ¼zden trans insanlarÄ±n 60% kendini Ã¶ldÃ¼rmeyi deniyor, peki neden nefret dolusun?",tur,TRUE,1,0,0,0,0,0,0,1,0,1,0,tr_tweet_70
"Suriyeli isteyen Suriye'ye, Afgan isteyen Afganistan'a gitsin!",tur,TRUE,0,0,0,1,0,0,0,0,0,1,0,tr_tweet_154
"SayÄ±n Vekilimiz; TC ,BÃ¼yÃ¼k bir Devlet ve Sosyal Devlet Ä°lkesi gereÄŸi sÄ±nÄ±rsÄ±z nafakayada Ã§Ã¶zÃ¼m bulacaktÄ±r.",tur,FALSE,0,0,0,0,0,0,0,0,0,0,0,tr_tweet_25
Bir ihtimal Turk Milliyetcileri guclu bir sekilde iktidar ortagi olabilirdi! Devlet Bahceli elinin tersiyle itmeyeydi!,tur,FALSE,0,0,0,0,0,0,0,0,0,0,0,tr_tweet_33
Alkol'Ã¼n saati mi olurmuÅŸ. Yetken yetken baÅŸlamak lazÄ±m :),tur,FALSE,0,0,0,0,0,0,0,0,0,0,0,tr_tweet_39
"EÄŸer ""bir"" ve ""birlik"" olmak Ã§Ã¶zÃ¼yorsa sorunlarÄ±.... Ã¼lke olarak Neden Hala Yiyoruz ""BÄ°RBÄ°RÄ°MÄ°ZÄ°""...?",tur,FALSE,0,0,0,0,0,0,0,0,0,0,0,tr_tweet_10
#BizBizeYeterizTÃ¼rkiyem diyerek Devlet - Millet elele verdik.,tur,FALSE,0,0,0,0,0,0,0,0,0,0,0,tr_tweet_11
Anayasa gizli oyu emrediyor... Bu oy gizli mi??? Bu Anayasa meÅŸru mu??? FETÃ– tehdidiyle oy mu kullanÄ±lÄ±r??? https://t.co/u0yOjtVkMX,tur,FALSE,0,0,0,0,0,0,0,0,0,0,0,tr_tweet_21
"Ã–ÄŸretmen geleceÄŸe bir nefestir, Ãœlkemizin gÃ¼Ã§lÃ¼ yarÄ±nlarÄ± eÄŸitimle gÃ¼lecektir. Biz ek 40 bini sizinle alacaÄŸÄ±z, Bilge Lider'in yardÄ±mÄ±yla ek 40 bin atama gelecektir.",tur,FALSE,0,0,0,0,0,0,0,0,0,0,0,tr_tweet_29
"Bu stÃ¼dyodakilerin iyi bildiÄŸi gibi,benim tarihe ilgim vardÄ±r. BeÅŸiktaÅŸâ€™Ä±n bu duruÅŸu bana,Ä°ngiliz hÃ¼kÃ¼metinin telkini Ã¼zerine,PadiÅŸahâ€™Ä±n Ä°stanbulâ€™a Ã§aÄŸÄ±rdÄ±ÄŸÄ± Mustafa Kemalâ€™in,Milli MÃ¼cadele yolundan dÃ¶nmeyiÅŸini hatÄ±rlattÄ±.",tur,FALSE,0,0,0,0,0,0,0,0,0,0,0,tr_tweet_30
"Ã¶ÄŸrenci haklarÄ±nÄ± savunmak iÃ§in Ã¶ÄŸrenci, kadÄ±n haklarÄ±nÄ± savunmak iÃ§in kadÄ±n, eÅŸcinsel haklarÄ±nÄ± savunmak iÃ§in eÅŸcinsel, hayvan haklarÄ±nÄ± savunmak iÃ§in hayvan olmanÄ±za gerek yok",tur,FALSE,0,0,0,0,0,0,0,0,0,0,0,tr_tweet_48
Neyi tartÄ±ÅŸÄ±yorduk hatÄ±rlamak lazÄ±m: 5) Reza Zarrab'Ä±n koordinasyonunda toplam 130 milyon TL civarÄ±nda rÃ¼ÅŸvet/yolsuzluk...,tur,FALSE,0,0,0,0,0,0,0,0,0,0,0,tr_tweet_155
#Ø²Ù†Ø¬ÛŒØ±ÙˆÚº_Ù…ÛŒÚº_Ø¬Ú©Ú‘Ø§_Ù…ÛŒÚˆÛŒØ§ Ø¬Ø¨ ØªÚ© ÛÛ’ Ø¯Ù… Ù„Ú‘Û’ Ú¯Û’ ÛÙ… Ø§Ø³ Ø¨Ú©Ø§Ø¤ Ù…ÛŒÚˆÛŒØ§ Ú©Û’ Ø®Ù„Ø§Ù Ù†ÙˆØ§Ø² Ø´Ø±ÛŒÙ Ú©Û’ Ø³Ø§ØªÚ¾,urd,TRUE,0,1,0,0,1,1,1,1,1,0,0,urdu_twitter_992287731492438022
Ù…Ù„Ú© Ú©ÛŒ ØªÛŒÙ† Ø¨Ú‘ÛŒ Ø³ÛŒØ§Ø³ÛŒ Ø¬Ù…Ø§Ø¹ØªÛŒÚº Ø¬Ù„Ø¯ ÛÛŒ Ù…ÛŒØ«Ø§Ù‚ Ø¬Ù…ÛÙˆØ±ÛŒØª Ù¾Û Ø¯Ø³ØªØ®Ø· Ú©Ø±ÛŒÚº Ú¯ÛŒ Ù¾Ù†ÚˆÛŒ Ø³Û’ Ù‚ÛÙ‚ÙˆÚº Ú©ÛŒ Ø¢ÙˆØ§Ø²ÛŒÚº Ø¢Ø¦ÛŒÚº Ú¯ÛŒ,urd,TRUE,0,1,0,0,0,1,1,0,1,0,0,urdu_twitter_890162657629786112
-JaximH Ù¾Ù¹ÙˆØ§Ø±ÛŒ Ù¾Ú‘Ú¾Û’ Ù„Ú©Ú¾Û’ Ø¨Ú¾ÛŒ ÛÙˆØªÛ’ ÛÛŒÚº Ù…ÛŒÚº ØªÙˆ Ø³Ù…Ø¬Ú¾Ø§ ØªÚ¾Ø§ Ø®Ø§Ù„ÛŒ Ø°ÛÙ†ÛŒ ØºÙ„Ø§Ù… ÛÙˆØªÛ’ ÛÛŒÚº,urd,TRUE,0,1,0,0,0,0,1,1,1,0,0,urdu_twitter_613771198338629632
Ù¾Ù¹Ú¾Ø§Ù†ØŒØ³Ù†Ø¯Ú¾ÛŒØŒØ¨Ù„ÙˆÚ†ÛŒØŒÙ…ÛØ§Ø¬Ø±ÙˆØºÛŒØ±ÛØŒÛŒÛ ÙØ±Ù‚Û Ù¾Ø±Ø³ØªÛŒ Ø§ÙˆØ± ÛŒÛ Ú¯Ù†Ø¯Û’ Ù†Ø¹Ø±Û’ Ø§Ø³ÛŒ ÙØ¶Ø§Ù…ÛŒÚº Ù„Ú¯ØªÛ’ ÛÛŒÚºØŒØ¬ÛØ§Úº Ø³Û’ Ù†Ø¨ÛŒï·º Ú©ÛŒ Ø²Ù†Ø¯Ú¯ÛŒ Ù†Ú©Ù„ Ø¬Ø§ØªÛŒ ÛÛŒÚº!!!!,urd,TRUE,0,1,1,1,0,1,1,1,0,1,1,urdu_twitter_914323123755012097
Ø¹Ù„ÛŒØ­Ø¯Ú¯ÛŒ Ù¾Ø³Ù†Ø¯ÙˆÚº Ø¨Ù„ÙˆÚ†ÙˆÚº Ù†Û’ Ø¢Ø¬ Ú©Û’ Ù…ÛŒÚ† Ú©ÛŒ Ø¬Ú¾Ù„Ú©ÛŒØ§Úº Ø¨Ø±Ø§Ø¦Û’ Ù¾Ù†Ø¬Ø§Ø¨ Ù…Ø®Ø§Ù„Ù Ù¾Ø±ÙˆÙ¾ÛŒÚ¯Ù†ÚˆÛ Ù…Ø­ÙÙˆØ¸ Ú©Ø± Ù„ÛŒ ÛÛŒÚºÛ”,urd,TRUE,0,0,0,1,0,1,0,1,0,0,0,urdu_twitter_696747907110801409
Ù†Û ØµØ±Ù ÙØªÙ†Û Ø®Ø§Ù† Ø¨Ù„Ú©Û Ú¯ÙˆÚ¯ÛŒ Ù¾Ù†Ú©ÛŒ Ø§ÙˆØ± Ø§Ø¨Ø±Ø§ÛÛŒÙ… Ú©Ùˆ Ø¨Ú¾ÛŒ ØºÛŒØ± Ù‚Ø§Ù†ÙˆÙ†ÛŒ Ú©ÛŒØ´ Ú©Ø§ Ø¨ÛØª Ø´ÙˆÙ‚ ÛÛ’ #ÙØªÙ†Û’_Ú©Ùˆ_Ú©ÛŒØ´_Ù¾Ø³Ù†Ø¯_ÛÛ’,urd,TRUE,1,1,0,0,0,0,0,1,0,1,1,urdu_twitter_1592831361685295105
Ø¹Ù†Ù‚Ø±ÛŒØ¨ Ù¾Ø§Ú©Ø³ØªØ§Ù† Ú©ÛŒ Ø³ÛŒØ§Ø³Øª Ø³Û’ Ø§Ù†ØªÛØ§Ø¦ÛŒ ØºÙ„ÛŒØ¸ ØªØ±ÛŒÙ† Ø¨Ø¯Ø¨ÙˆØ¯Ø§Ø± Ú¯Ú¾Ù†Ø§Ø¤Ù†Ø§ ÙØ§Ø´Ø³Ù¹ Ú©Ø±Ø¯Ø§Ø± Ø®ØªÙ… ÛÙˆÙ†Û’ Ú©Ùˆ ÛÛ’,urd,TRUE,0,1,0,0,0,1,1,0,0,0,1,urdu_twitter_1560610554783207425
Ú†Ù†Ø¯ Ù†ÙˆÙ¹ÙˆÚº Ù¾Û Ø¨Ú©Ù†Û’ ÙˆØ§Ù„Ø§ Ù†Ù…Ú© Ø­Ø±Ø§Ù… ØµØ­Ø§ÙÛŒ  #Ú¯Ù¹Ø±ØµØ­Ø§ÙØª @username,urd,TRUE,0,1,0,0,1,1,1,0,1,0,0,urdu_twitter_1055532098013011968
Ø³Ù†Ø¯Ú¾ Ú©Û’ Ø¯ÙˆØ³Øª Ø¨Ø§Ø´ Ùˆ Ù¾Ø±Ø®Ù„ÙˆØµ Ø¨Ø§Ø³ÛŒÙˆÚº Ú©Ùˆ Ø²Ø±Ø¯Ø§Ø±ÛŒ Ø¬ÛŒØ³ÛŒ Ú¯Ø§Ù„ÛŒ Ùˆ Ø¨Ù„Ø§ÙˆÙ„ Ø¬ÛŒØ³Û’ Ù…Ø®Ù†Ø« Ù„ÙˆØ·ÛŒ Ù„ÙˆÙ†ÚˆÛ’ Ú©Û’ Ø±Ø­Ù… Ùˆ Ú©Ø±Ù… Ù¾Ø± Ú†Ú¾ÙˆÚ‘Ù†Ø§ Ø§Ø³Ù¹ÛŒØ¨Ù„Ø´Ù…Ù†Ù¹ Ú©ÛŒ Ø³Ø¨ Ø³Û’ Ø¨Ú‘ÛŒ Ø²ÛŒØ§Ø¯ØªÛŒ ÛÛ’,urd,TRUE,1,1,0,0,0,1,1,1,0,0,1,urdu_twitter_1594316929631666178
Ú©Ù†Ú‘ØŒÚ©Ù¹Ú¾ Ù¾ØªÙ„ÛŒ ÙÙˆØ¬ÙˆÚº Ù¾Ø±Ø­Ù…Ù„Û’ØŒØ¯Ùˆ ÛÙ„Ø§Ú©ØŒ5 Ø²Ø®Ù…ÛŒ @username,urd,TRUE,0,1,0,0,0,0,0,1,1,0,1,urdu_twitter_542695474885435392
Ø§Ú¯Ø± Ø¢Ø¬ 1947 ÛÙˆØªØ§ ØªÙˆ Ù…ÛŒÚº Ø¯ÛŒÚ©Ú¾ØªØ§ Ú©Û Ú©ÛŒØ³Û’ ÛŒÛ ÙØ±Ù‚Û Ù¾Ø±Ø³ØªÛŒØŒ Ø§ÙØ±Ø§ØªÙØ±ÛŒ Ø§ÙˆØ± Ø§Ù†ØªØ´Ø§Ø± ÛÙˆØªØ§Û” Ù…Ú¯Ø± Ø¯Ø±Ø­Ù‚ÛŒÙ‚Øª Ù„Ø§Ø´Ø¹ÙˆØ± ÛÛŒÚº #NSlastHope4Pak @username,urd,FALSE,0,0,0,0,0,0,0,0,0,0,0,urdu_twitter_499607465366147074
Ø§Ø¬Ù„Ø§Ø³ Ù…ÛŒÚº Ø¢Ø²Ø§Ø¯ÛŒ Ù…Ø§Ø±Ú† Ú©Û’ Ø­ÙˆØ§Ù„Û’ Ø³Û’ Ù…Ø´Ø§ÙˆØ±Øª Ú©ÛŒ Ø¬Ø§Ø¦Û’ Ú¯ÛŒØŒØ°Ø±Ø§Ø¦Ø¹,urd,FALSE,0,0,0,0,0,0,0,0,0,0,0,urdu_twitter_1184410477037871104
Ø¬Ø¨ ØªØ­Ø±ÛŒÚ© Ø§Ù†ØµØ§Ù Ø­Ú©ÙˆÙ…Øª Ø¨Ù†Ø§Ø¦Û’ Ú¯ÛŒ ØªÙˆ Ù¾ÙˆÙ„ÛŒØ³ Ø§ÙˆØ± Ø³ÙˆÙ„ Ø³Ø±ÙˆØ³ Ú©Ùˆ ØºÛŒØ± Ø³ÛŒØ§Ø³ÛŒ Ú©ÛŒØ§ Ø¬Ø§Ø¦Û’ Ú¯Ø§ØŒ Ø§ÙÙ†ÛÛŒÚº Ø¨ÛŒØ±ÙˆÙ†ÛŒ Ù…Ø¯Ø§Ø®Ù„Øª Ø³Û’ Ù…Ø­ÙÙˆØ¸ Ø±Ú©Ú¾Ø§ Ø¬Ø§Ø¦Û’ Ú¯Ø§ Û” Ø§Ù†ØµØ§Ø± Ø¹Ø¨Ø§Ø³ÛŒ #Ø§ÛŒÚ©Ø³Ù¹ÛŒÙ†Ø´Ù†_Ù†Ø§Ù…Ù†Ø¸ÙˆØ±,urd,FALSE,0,0,0,0,0,0,0,0,0,0,0,urdu_twitter_1164062905878437888
"Û”"" ØªØ­ÙØ¸ Ù†Ø§Ù…ÙˆØ³ Ø±Ø³Ø§Ù„Øª ï·º ÛØ± ØµØ§Ø­Ø¨ Ø§ÛŒÙ…Ø§Ù† Ú©Û’ Ø¯Ù„ Ú©ÛŒ Ø¢ÙˆØ§Ø² ÛÛ’  #ÛŒÙˆÙ…_ØªØ­ÙØ¸_Ø®ØªÙ…_Ù†Ø¨ÙˆØª",urd,FALSE,0,0,0,0,0,0,0,0,0,0,0,urdu_twitter_1567569911760789505
Ú©Ø´Ù…ÛŒØ± Ù…ÛŒÚº Ø¨Ú¾Ø§Ø±Øª Ú©ÛŒ Ø±ÛŒØ§Ø³ØªÛŒ Ø¯ÛØ´Øª Ú¯Ø±Ø¯ÛŒÛ”Û”Û”,urd,FALSE,0,0,0,0,0,0,0,0,0,0,0,urdu_twitter_1238493892183502850
"""ÙØ³Ø·Ø§Ø¦ÛŒØª ÛÛ’ Ù„ÙˆÚ¯Ùˆ"" Ø®Ø±Ù… Ø¯Ø³ØªÚ¯ÛŒØ± Ù¾ÛÙ„ÙˆØ§Ù† Ù†Û’ Ø§Ø­ØªØ¬Ø§Ø¬ Ú©ÛŒØ§ ""Ø³Ø±Ú©Ø§Ø±ÛŒ Ø²Ù…ÛŒÙ† Ù¾Ø± ØºÛŒØ± Ù‚Ø§Ù†ÙˆÙ†ÛŒ Ù¾Ù¹Ø±ÙˆÙ„ Ù¾Ù…Ù¾ Ù†ÛÛŒÚº Ú†Ù„Ø§Ù†Û’ Ø¯ÛŒØªÛ’""",urd,FALSE,0,0,0,0,0,0,0,0,0,0,0,urdu_twitter_1155346722748452864
Ø¬ÙˆÚ©Ú†Ú¾ Ø¢Ø¬ Ù…Ø¬Ú¾Û’Ù…ÛŒØ±Û’Ø§ÛŒÚ© Ø¯ÙˆØ³Øª Ù†Û’Ù‚Ø¨Ø§Ø¦Ù„ÛŒ Ø¹Ù„Ø§Ù‚ÙˆÚº Ú©Û’Ø­Ø§Ù„Ø§Øª Ø¨ØªØ§Ø¦Û’ÛÛŒÚº ÙˆÛ ØªÙˆØªØµÙˆÛŒØ±ÛÛŒ Ú©Ú†Ú¾ Ø§ÙˆØ±ØªÚ¾ÛŒ ÙˆÛ ÙˆÛØ§Úº Ø³Û’ ÛÙˆÚ©Ø±Ø¢ÛŒØ§ÛÛ’ØŒÙ…ÛÙ…Ø§Ù† Ù†ÙˆØ§Ø²ÛŒ Ù…Ø°ÛØ¨ÛŒ Ø±ÙˆØ§Ø¯Ø§Ø±ÛŒ ØªÙˆØ¹Ø§Ù… ÛÛ’,urd,FALSE,0,0,0,0,0,0,0,0,0,0,0,urdu_twitter_441224649536319488
Ø¢Ø²Ø§Ø¯ÛŒ Ù…Ø§Ø±Ú† ØªÙˆ ÛÙˆ Ú¯Ø§ ÛÙ… Ø¨Ú¾Ø±Ù¾ÙˆØ± Ø´Ø±Ú©Øª Ú©Ø±ÛŒÚº Ú¯Û’ #Ø¢Ø²Ø§Ø¯ÛŒ_Ù…Ø§Ø±Ú†_ØªÙˆ_ÛÙˆ_Ú¯Ø§,urd,FALSE,0,0,0,0,0,0,0,0,0,0,0,urdu_twitter_1585347062429687808
ØªØ­ÙØ¸ Ù†Ø§Ù…ÙˆØ³ Ø±Ø³Ø§Ù„Øª ï·º Ù…Ù„ÛŒÙ† Ù…Ø§Ø±Ú† Ù„Ø§ÛÙˆØ± #NamoseRisalatMilionMarch @username,urd,FALSE,0,0,0,0,0,0,0,0,0,0,0,urdu_twitter_1063057308526227457
Ø¢Ø®Ø± Ù¾Ø®ØªÙˆÙ† ÛÛŒ Ø§Ø³ Ø¸Ù„Ù… Ú©Ø§ Ù†Ø´Ø§Ù†Û Ú©ÛŒÙˆÚº? #ANPRejectsAntiAfghanPolicy,urd,FALSE,0,0,0,0,0,0,0,0,0,0,0,urdu_twitter_1392158426805964800
æˆ‘è§‰å¾—ä¸­å›½å¥³æ€§åªšå¤–å€¼å¾—æ‰¹è¯„çš„æ˜¯ä¸­å›½ç”·æ€§ï¼Œä½ ä»¬çœ‹ä¸€çœ‹å‡ºè½¨çš„å¥³äººçš„è€å…¬ä¸€çœ‹å°±å¾ˆè½¯å¼±ï¼Œè€Œä»¥å‰åœ¨ç¤¾ä¼šä¸Šæ··çš„ç”·äººçš„è€å©†æˆ‘æ²¡å‘ç°è°æ•¢å‡ºè½¨ï¼Œä¸­å›½ç”·äººå¦‚æœèƒ½å’Œé»‘äººæˆ–ç©†æ–¯æ—ç”·æ€§ä¸€æ ·æš´åŠ›ï¼Œé‚£ä¸­å›½å°±æ²¡æœ‰åªšå¤–çš„è¯´æ³•ã€‚,zho,TRUE,1,0,0,1,0,1,1,1,0,0,0,chinese_1
æ¥¼ä¸»å•Šï¼æˆ‘è®°å¾—è¿™æ˜¯æŸä½æ™®ä¿¡å¥³å†™çš„å…³äºç”·æ€§çš„æ¡ä»¶å§ï¼Œæ”¹çš„å¥½ï¼Œè¿˜æœ‰ï¼Œæ‚¨çš„å¸–å­é‡Œé¢æœ‰æ¡ç›®ğŸ¶ï¼Œèµ¶ç´§ç½®é¡¶ç¾è¾±,zho,TRUE,1,0,0,0,0,1,1,0,0,0,1,chinese_5
æˆ‘ä¸æåŒï¼Œå°±æ˜¯å•çº¯çš„åŒæ¶ï¼Œè§‰å¾—æ¶å¿ƒï¼Œä¸ä¸ºåˆ«çš„ï¼Œå°±ä¸ºtxlç¾¤ä½“ä¼ æ’­xç—…ï¼Œè¿˜è¦éª—äººå½¢å©šï¼Œæ¯äººä¸€ç”Ÿã€‚è¿æ°”å·®ä¸€ç‚¹çš„ï¼Œåªæ˜¯è¢«éª—å©šã€‚è¿æ°”å†å·®ä¸€ç‚¹ï¼Œè¢«éª—ç€ç”Ÿä¸ªå­©å­ï¼ŒæŠŠå­©å­ä¹Ÿæ¯äº†ã€‚è¿æ°”å·®åˆ°çˆ†çš„ï¼Œè¢«äººéª—å©šï¼Œè¿˜è¢«ä¼ æŸ“ä¸Šxç—…ï¼Œè¿™å°±æ˜¯txlç¾¤ä½“å¹²çš„å¥½äº‹ã€‚,zho,TRUE,1,0,0,0,0,1,0,1,0,0,0,chinese_53
ç»¼ä¸Šæ‰€è¿°ï¼Œä»¥åæƒ³èµ·æ¥ä¼šè¡¥å……ï¼ŒåŒæ€§æ‹å°±çº¯çº¯æ‡¦å¤«,zho,TRUE,1,0,0,0,0,1,0,1,0,0,0,chinese_117
çœŸç™½å·¦å½“ç„¶æ”¯æŒï¼Œä½†é—®é¢˜æ˜¯è¥¿æ–¹æ‰€è°“çš„ç™½å·¦éƒ½æ˜¯è™šä¼ªçš„ç™½å·¦ï¼Œè‹±æ–‡å«liberalsï¼Œå’Œä¸­å›½å¥³æƒä¸€æ ·ï¼Œè¡¨é¢ä¸Šå¹³æƒï¼Œå®é™…ä¸Šæ˜¯æŒ‚å¹³æƒç‹—å¤´å–ç‰¹æƒç‹—å¤´ï¼ŒçœŸå¥³æƒçœŸç™½å·¦æ²¡å¤šå°‘äººåå¯¹çš„ï¼Œå¯æƒœå¤§å¤šæ•°éƒ½æ˜¯è™šä¼ªçš„å‚»é€¼ã€‚,zho,TRUE,1,1,0,0,0,1,1,1,0,0,0,chinese_1761
æœ‰äº›ç©†æ–¯æ—ç‰¹æ¶å¿ƒåƒçŒªè‚‰çš„ï¼Œä¸çˆ±å¸¦é¢çº±çš„å¥³äººä¹Ÿæ»š......ä»–ä»¬çš„ä¸‰è§‚å‡ºé—®é¢˜äº†å—ï¼Ÿ,zho,TRUE,0,0,1,0,0,1,0,0,0,1,0,chinese_220
æ··è¡€ï¼Œçœ¼ç›æ˜¯è“è‰²ï¼Œæ··äº†ç™½çš®çŒªçš„è¡€,zho,TRUE,0,0,0,1,0,1,0,0,0,0,1,chinese_20
å¯¹å¾…é»‘è›†ç›´æ¥æ¸…ç©ºå¼¹å¤¹å®Œäº‹,zho,TRUE,0,0,0,1,0,1,1,0,0,0,1,chinese_128
æˆ‘åœ¨éæ´²å‘†è¿‡å¾ˆä¹…ï¼Œç›¸ä¿¡æˆ‘ï¼Œé»‘äººä¸å€¼å¾—åŒæƒ…ï¼Œä»–ä»¬å°±æ˜¯åŠ£ç­‰æ°‘æ—ï¼Œæ²¡æœ‰ç¾è€»å¿ƒæ²¡æœ‰ä¸Šè¿›å¿ƒï¼Œå¤©ç”Ÿå°±è¯¥è¢«å¥´å½¹çš„ç§æ—ã€‚,zho,TRUE,0,0,0,1,0,1,0,1,1,1,1,chinese_4795
åˆä¸ç»™åšç»è‚²åˆåœ£æ¯åªèƒ½è®©æµæµªçŒ«è¶Šæ¥è¶Šå¤šéƒ½æˆç”Ÿæ€æ€æ‰‹äº†,zho,TRUE,0,0,0,0,1,1,0,1,0,0,0,chinese_503
æ™®ä¿¡ç”·æ˜¯ä»€ä¹ˆæ„æ€å•Š,zho,FALSE,0,0,0,0,0,0,0,0,0,0,0,chinese_412
å¦‡å¥³æƒç›Šä¿éšœæ³•ï¼ˆä¿®è®¢è‰æ¡ˆï¼‰å¾æ±‚æ„è§æ­£åœ¨è¿›è¡Œä¸­ï¼Œå¤§å®¶æœ‰æ„è§èµ¶ç´§å»æï¼,zho,FALSE,0,0,0,0,0,0,0,0,0,0,0,chinese_16
ä½œä¸ºå¥³æ€§ï¼ŒèµåŒæ”¯æŒä½ ï¼Œåˆ¤æ–­å¥³æ€§æœ‰æ²¡æœ‰åœ°ä½ï¼Œè¦çœ‹å¥¹ä»¬æœ‰æ²¡æœ‰åˆç†çš„ï¼Œåˆæ³•çš„å·¥ä½œæ„è¯†å’Œå·¥ä½œæœºä¼šã€‚ä¸­å›½å½“ç„¶è¿˜å­˜åœ¨é‡ç”·è½»å¥³çš„åœ°åŒºå’Œåº•å±‚æ–‡åŒ–ï¼Œä½†æ˜¯ä¸»æµè§‚å¿µå’Œæ„è¯†å½¢æ€æ˜¯æ”¯æŒå¥³æ€§è§£æ”¾çš„ã€‚,zho,FALSE,0,0,0,0,0,0,0,0,0,0,0,chinese_1552
åŒæ€§æ‹æ‰€å äººå£æ¯”ä¾‹ç”šè‡³ä¸éœ€è¦æŸ¥æ‰¾ä¸“ä¸šçš„æ–‡çŒ®ï¼Œç™¾åº¦ä»€ä¹ˆçš„éšä¾¿æœæœå°±æœ‰ã€‚,zho,FALSE,0,0,0,0,0,0,0,0,0,0,0,chinese_35
å°½ç®¡äººç±»åœ¨æ”»å…‹è‰¾æ»‹ç—…çš„é“è·¯ä¸Šå·²ç»å–å¾—äº†ä¸å°‘æˆå°±ï¼Œè‰¾æ»‹ç—…å·²ç»ä¸åƒåå¹´å‰é‚£æ ·å¬èµ·æ¥å¯æ€•ã€‚,zho,FALSE,0,0,0,0,0,0,0,0,0,0,0,chinese_1995
ä½†æ˜¯åœ¨å¯è’™é˜¶æ®µï¼Œæœ€èµ·ç è®©ä»–ä»¬çŸ¥é“ä»€ä¹ˆæ˜¯åŒæ€§æ‹ï¼Œä»€ä¹ˆæ˜¯å¼‚æ€§æ‹ï¼Œä»€ä¹ˆæ˜¯èŒƒæ€§æ‹ï¼Œä»€ä¹ˆæ˜¯åŒæ€§æ‹ä»€ä¹ˆæ˜¯æ€§å•æ‹è®©ä»–ä»¬çŸ¥é“æœ‰è¿™ä¸€ç±»äººçš„å­˜åœ¨ï¼Œå¹¶è®©ä»–ä»¬å­¦ä¼šå°Šé‡ï¼Œè¿™ä¹Ÿä¸æ˜¯ä½œä¸ºä¸­åæ°‘æ—çš„ç¾å¾·å—ï¼Ÿ,zho,FALSE,0,0,0,0,0,0,0,0,0,0,0,chinese_512
å·¦ä¸‹äºšè£”æ¯”è¾ƒå¸…ï¼Œè¿˜æœ‰åˆšæ¥æ‰¾åº§ä½çš„è“Tå°å“¥å“¥,zho,FALSE,0,0,0,0,0,0,0,0,0,0,0,chinese_1497
å°åº¦äººçš„è¯å¾—åˆ†å®—æ•™ï¼Œç©†æ–¯æ—çš„è¯å°±å»æ¸…çœŸé¥­åº—ï¼Œå°åº¦æ•™å¾’å°±å»å¯ºåº™çš„ç´ èœé¦†ï¼Œéƒ½å¯ä»¥å°åˆ°å¾ˆåœ°é“çš„ä¸­å›½èœè€Œä¸è¿åæˆ’å¾‹ã€‚,zho,FALSE,0,0,0,0,0,0,0,0,0,0,0,chinese_1575
"æ—¥æœ¬äººä¹Ÿä¸å…¨æ˜¯åäººï¼Œä¸­å›½äººä¹Ÿä¸å…¨æ˜¯å¥½äººâˆ (,á›,ã€âˆ )ï¼¿",zho,FALSE,0,0,0,0,0,0,0,0,0,0,0,chinese_1773
å°ç¾äººé±¼æ˜¯æˆ‘ç«¥å¹´æœ€å–œæ¬¢çš„æ•…äº‹ã€‚æˆ‘è§‰å¾—é€‰è§’æ²¡é—®é¢˜ï¼Œä¸€çœ‹å°±æ˜¯å¾ˆå‹‡æ•¢çš„å¥³å­©å­ã€‚å®‰å¾’ç”Ÿå†™å°ç¾äººé±¼çš„åˆè¡·ä¹Ÿæ˜¯æ­Œé¢‚é‚£ç§ç”Ÿå‘½æ°¸æ’è¿˜æœ‰ç¾å’Œå–„ã€‚å°ç¾äººé±¼å¾ˆå‹‡æ•¢å•Šã€‚å¦‚æœè¿ªæ–¯å°¼å¼€å§‹çš„æ¼«ç”»å°±æ˜¯é»‘äººå…¬ä¸»ææ€•å¤§å®¶ç°åœ¨å°±ä¸ä¼šé…±ç´«è§‰å¾—ç¾äººé±¼éè¦ç™½çš®è‚¤çº¢å¤´å‘è“çœ¼ç›äº†ã€‚,zho,FALSE,0,0,0,0,0,0,0,0,0,0,0,chinese_5994